"node/31158653",20.9818526,52.2543812,"Rondo Zgrupowania AK „Radosław”"
"node/32024618",21.000614,52.2062313,"Giordana Bruna"
"node/32049254",21.0156576,52.2199183,"Nowowiejska / Ludwika Waryńskiego"
"node/32320979",21.0208934,52.2109083,"Puławska / Goworka"
"node/32551930",20.9822243,52.2552191,"Rondo Zgrupowania AK „Radosław”"
"node/32599937",21.0347023,52.2545629,"Targowa / Aleja „Solidarności”"
"node/32915591",21.0112739,52.229717,"Rondo Romana Dmowskiego"
"node/32915592",21.0122045,52.2299153,"Rondo Romana Dmowskiego"
"node/32915593",21.0115841,52.2301159,"Rondo Romana Dmowskiego"
"node/32915594",21.0119165,52.2295606,"Rondo Romana Dmowskiego"
"node/34465652",21.0857555,52.2451744,"Rondo Wiatraczna / Grochowska"
"node/39970811",21.0155008,52.2199501,"Nowowiejska / Ludwika Waryńskiego"
"node/83066124",20.9688837,52.2315972,"Skierniewicka"
"node/86681102",20.9869307,52.2684206,"Plac Thomasa Woodrowa Wilsona"
"node/86687609",20.9859151,52.2693487,"Plac Thomasa Woodrowa Wilsona"
"node/99404360",20.97126,52.2391024,"Żytnia"
"node/179694998",20.9719415,52.2057718,"Karola Dickensa"
"node/179695005",20.969133,52.2026067,"Władysława Korotyńskiego"
"node/179695040",20.960727,52.1931399,""
"node/179695054",20.9583769,52.1903832,"Rondo Jerzego Wojnara"
"node/179695095",20.9472715,52.1793348,""
"node/179870536",21.0000176,52.2201724,"Ludwika Krzywickiego"
"node/179870584",21.0167587,52.2217506,"Plac Konstytucji"
"node/179870689",20.9916583,52.26319,"Plac Inwalidów"
"node/179870696",20.9901064,52.2649092,"Plac Inwalidów"
"node/191725113",20.998874,52.249296,"Świętojerska"
"node/202693906",20.9848852,52.2304231,"Rondo Ignacego Daszyńskiego"
"node/202696658",20.9697257,52.2288283,"Skierniewicka / Marcina Kasprzaka"
"node/205028342",20.9842028,52.2305715,"Rondo Ignacego Daszyńskiego"
"node/205028369",20.9802061,52.2368779,"Rondo Kercelak / Okopowa / Aleja „Solidarności”"
"node/205421623",20.9705591,52.240807,"Jana Długosza"
"node/207561552",21.0260931,52.2806802,"Świętego Jacka Odrowąża"
"node/247488506",21.0056349,52.2285151,"Emilii Plater"
"node/248063432",21.0205989,52.2652139,"Zatylna"
"node/248063434",21.0206728,52.2650657,"Zatylna"
"node/248071048",21.0340308,52.2554819,"Wileńska"
"node/248071083",21.0695434,52.2461904,"Terespolska"
"node/251953473",21.0411013,52.1956705,"Ludwiga van Beethovena"
"node/254021611",21.0498837,52.1780935,"Świętego Bonifacego"
"node/254504866",20.9872261,52.2564132,"Pamiętajcie o Ogrodach"
"node/254504890",20.9911408,52.2446834,"Nowolipki"
"node/254504891",20.988839,52.2473894,"Mordechaja Anielewicza"
"node/254504892",20.9855941,52.2510729,"Aleja Jana Pawła II / Stawki"
"node/254504894",20.9828549,52.2542864,"Rondo Zgrupowania AK „Radosław”"
"node/254504904",20.9832343,52.2548732,"Rondo Zgrupowania AK „Radosław”"
"node/254504909",20.981255,52.2532818,"Powązkowska"
"node/254504934",20.9938896,52.2577834,""
"node/254508217",20.9735698,52.2718727,"Juliusza Słowackiego / Plac Jacka Kuronia"
"node/254513584",21.0058358,52.2145223,""
"node/254513590",21.0004701,52.2016091,"Antoniego Józefa Madalińskiego"
"node/254515298",21.0018295,52.2279158,"Rondo Czterdziestolatka"
"node/254515299",21.0021044,52.2274872,"Rondo Czterdziestolatka"
"node/254515300",21.001555,52.2276455,"Rondo Czterdziestolatka"
"node/254515301",21.0022991,52.2278048,"Rondo Czterdziestolatka"
"node/254515304",20.9959064,52.2264386,"Plac Sokratesa Starynkiewicza / Żelazna / Aleje Jerozolimskie"
"node/254515305",20.9957509,52.2264055,"Plac Sokratesa Starynkiewicza / Żelazna / Aleje Jerozolimskie"
"node/254515307",21.0053586,52.2284555,"Emilii Plater"
"node/254515310",21.0066032,52.2383759,"Marszałkowska / Królewska"
"node/254515311",21.0066641,52.2382748,"Marszałkowska / Królewska"
"node/254515312",21.0067223,52.2381784,"Marszałkowska / Królewska"
"node/254515315",21.0162909,52.2307841,"Krucza"
"node/254518004",21.0554107,52.2388104,"Saska"
"node/254518005",21.0623931,52.2402412,"Międzynarodowa"
"node/254518006",21.0623219,52.2403676,"Międzynarodowa"
"node/254518007",21.0715024,52.2422508,"Kinowa"
"node/254518008",21.0715994,52.2421246,"Kinowa"
"node/254518009",21.0756578,52.2430977,"Międzyborska"
"node/254518010",21.0757909,52.2429854,"Międzyborska"
"node/254518011",21.0815277,52.2443037,"Aleja Jerzego Waszyngtona / Modrzewiowa"
"node/254518012",21.0837632,52.2447638,"Aleja Jerzego Waszyngtona / Rondo Wiatraczna"
"node/254518015",21.0857205,52.245227,"Rondo Wiatraczna / Grochowska"
"node/254518018",21.0899591,52.2449834,"Grochowska"
"node/254518019",21.0953168,52.2439657,"Wspólna Droga / Grochowska"
"node/254518020",21.1022427,52.2424931,"Grochowska / Józefa Chłopickiego"
"node/254518030",21.0818945,52.2454598,""
"node/254518035",21.0747498,52.2458896,"Grenadierów / Podskarbińska / Międzyborska"
"node/254518036",21.0634341,52.2465749,"Gocławska"
"node/254518038",21.0474377,52.2478144,"Aleja Zieleniecka / Targowa"
"node/254518041",21.0471539,52.247736,"Aleja Zieleniecka / Targowa"
"node/254526173",21.033982,52.2829806,"Matki Teresy z Kalkuty"
"node/254526177",21.0306399,52.2883059,"Bartnicza"
"node/254526178",21.0293932,52.290108,"Poborzańska"
"node/254700145",21.0307914,52.2067423,"Belwederska / Spacerowa / Jurija Gagarina"
"node/255152619",21.0291512,52.252337,"Aleja „Solidarności”"
"node/255161027",21.0777794,52.2433879,"Grenadierów"
"node/255161029",21.077621,52.2435034,"Grenadierów"
"node/255309064",20.9900868,52.2191846,"Andrzeja Krzyckiego / Raszyńska"
"node/255309065",20.9893278,52.2192066,"Raszyńska"
"node/255309066",20.9871204,52.2193276,"Adama Asnyka"
"node/255309067",20.9853901,52.2193592,"Plac Gabriela Narutowicza"
"node/255309070",20.9828462,52.21829,"Grójecka"
"node/255309072",20.981148,52.2163588,"Wawelska"
"node/255309073",20.9810488,52.2162444,"Wawelska"
"node/256348422",21.0448592,52.2506263,"Brzeska"
"node/260816786",21.0074328,52.1888333,"Samochodowa"
"node/260816790",21.0170768,52.1889953,"Aleja Niepodległości"
"node/260816791",21.0172353,52.1890087,"Aleja Niepodległości"
"node/260816792",21.021857,52.1896022,"Wielicka"
"node/261039211",20.9776758,52.2396,"Żytnia"
"node/261039213",20.978528,52.2382319,"Leszno"
"node/261039214",20.9786516,52.2380947,"Leszno"
"node/261063298",20.9164485,52.2251477,"Borowej Góry"
"node/261063321",20.9360218,52.225274,"Józefa Sowińskiego"
"node/261063647",20.898437,52.2505181,"Generała Sylwestra Kaliskiego"
"node/261145070",20.8979502,52.2546865,""
"node/261145075",20.8978127,52.2559028,"Archimedesa"
"node/261145084",20.8980562,52.2616363,"Generała Wiktora Thomméego"
"node/261178564",20.927635,52.2634861,"Piastów Śląskich"
"node/261178591",20.9325004,52.2685137,"Generała Stanisława Maczka"
"node/261178596",20.9325486,52.2686036,"Generała Stanisława Maczka"
"node/261178605",20.9339975,52.2712082,"Josepha Conrada"
"node/261178724",20.9201473,52.2823176,"Tomasza Nocznickiego"
"node/261178892",20.9295492,52.2927563,"Zgrupowania AK „Kampinos”"
"node/261179080",20.9295961,52.2928299,"Zgrupowania AK „Kampinos”"
"node/261239272",20.9449493,52.2717269,"Galla Anonima"
"node/261239279",20.949781,52.2703622,"Generała Klemensa Stanisława Rudnickiego"
"node/261239296",20.9588151,52.2678531,"Aleja Armii Krajowej"
"node/261239304",20.9597251,52.2676006,"Aleja Armii Krajowej"
"node/261239332",20.9634938,52.2665569,"Władysława Broniewskiego"
"node/261239345",20.9717849,52.2642635,"Zygmunta Krasińskiego"
"node/261239353",20.9788568,52.2623004,"Krystyny Matysiakówny"
"node/261239386",20.9772002,52.2663121,"Zygmunta Krasińskiego"
"node/261239391",20.9770518,52.266534,"Zygmunta Krasińskiego"
"node/261239406",20.9738383,52.2713685,"Juliusza Słowackiego"
"node/261239409",20.9736777,52.2716144,"Juliusza Słowackiego / Plac Jacka Kuronia"
"node/261239412",20.9735291,52.271827,"Juliusza Słowackiego / Plac Jacka Kuronia"
"node/266863945",21.0214028,52.213402,"Plac Unii Lubelskiej"
"node/282141334",20.9857257,52.2509801,"Aleja Jana Pawła II / Stawki"
"node/282141355",20.9979042,52.2535621,"Muranowska / Generała Władysława Andersa"
"node/282141358",20.993656,52.2538855,"Pokorna"
"node/282141401",20.9978489,52.2538014,"Muranowska / Generała Władysława Andersa"
"node/286630465",21.0599911,52.2584837,"Kawęczyńska"
"node/295659282",20.9840498,52.2528525,"Aleja Jana Pawła II"
"node/300412336",21.0827614,52.2444102,"Giuseppe Garibaldiego / Aleja Jerzego Waszyngtona"
"node/300412697",21.0211219,52.231811,"Rondo Generała Charles'a de Gaulle'a"
"node/300412699",21.0205414,52.2316882,"Rondo Generała Charles'a de Gaulle'a"
"node/301422291",21.0837326,52.2452583,"Rondo Wiatraczna"
"node/301422295",21.0857443,52.2451934,"Rondo Wiatraczna / Grochowska"
"node/302711489",21.0513212,52.2385256,"Aleja Zieleniecka / Rondo Jerzego Waszyngtona / Aleja Księcia Józefa Poniatowskiego"
"node/302711490",21.0513034,52.2384456,"Aleja Zieleniecka / Rondo Jerzego Waszyngtona / Aleja Księcia Józefa Poniatowskiego"
"node/302711539",21.0511687,52.2383034,"Aleja Zieleniecka / Rondo Jerzego Waszyngtona / Aleja Księcia Józefa Poniatowskiego"
"node/303205547",20.992414,52.2319221,"Żelazna"
"node/303205559",20.9846408,52.2300664,"Rondo Ignacego Daszyńskiego"
"node/303205603",20.9880953,52.2260476,""
"node/303205620",20.9894862,52.224981,"Plac Artura Zawiszy"
"node/308117232",20.9830203,52.2181596,"Grójecka"
"node/308117240",20.9849702,52.2192083,"Plac Gabriela Narutowicza"
"node/308117267",20.9852967,52.2210605,"Juliana Ursyna Niemcewicza"
"node/308139016",21.0021289,52.1856091,"Konstruktorska"
"node/308139107",21.0022673,52.1809646,"Antoniego Uniechowskiego"
"node/308945735",20.9981688,52.2333899,"Rondo ONZ"
"node/311764434",20.980294,52.2104145,"Adolfa Pawińskiego"
"node/334556709",21.0418531,52.2589487,"Środkowa / Wileńska"
"node/334556762",21.0420782,52.2606248,"Czynszowa / Stalowa"
"node/338452997",20.9117393,52.2468084,"Powstańców Śląskich"
"node/338452998",20.911422,52.2467776,"Powstańców Śląskich"
"node/339133070",21.0190383,52.1713191,"Smyczkowa"
"node/340352876",20.9712136,52.239095,"Żytnia"
"node/342044576",20.9821197,52.2332658,"Grzybowska"
"node/395501920",20.9629398,52.1956391,""
"node/395613985",20.9580884,52.1900538,"Rondo Jerzego Wojnara"
"node/473279834",21.0208957,52.26343,"Rondo Stefana Starzyńskiego / Most Gdański"
"node/543993437",20.991646,52.2533537,"Stanisława Dubois"
"node/561293409",20.9977206,52.2535857,"Muranowska / Generała Władysława Andersa"
"node/601444720",20.9809751,52.2752822,"Adama Mickiewicza / Potocka"
"node/601444721",20.981315,52.2750326,"Potocka / Adama Mickiewicza"
"node/611224108",20.9857687,52.2510752,"Aleja Jana Pawła II / Stawki"
"node/611224110",20.9856759,52.2510932,"Aleja Jana Pawła II / Stawki"
"node/611224123",20.9977755,52.2537982,"Muranowska / Generała Władysława Andersa"
"node/611255858",20.9855259,52.2691278,"Plac Thomasa Woodrowa Wilsona"
"node/611273048",20.9888597,52.2662876,"Ludwika Mierosławskiego"
"node/611443808",21.0260512,52.2807373,"Świętego Jacka Odrowąża"
"node/611443881",21.0321804,52.2733282,"Staniewicka"
"node/611443916",21.0338578,52.282948,"Matki Teresy z Kalkuty"
"node/611443989",21.0305844,52.288291,"Bartnicza"
"node/611444011",21.0293449,52.2900941,"Poborzańska"
"node/611444065",21.0220434,52.3001336,"Inowłodzka / Annopol"
"node/611444066",21.0220956,52.3001479,"Inowłodzka / Annopol"
"node/611444135",21.0177796,52.3057719,"Odlewnicza"
"node/611444137",21.0178365,52.3057866,"Odlewnicza"
"node/611444155",21.0163092,52.3077274,"Michaela Faradaya"
"node/611444156",21.0163616,52.3077411,"Michaela Faradaya"
"node/611474705",21.0205697,52.2651769,"Zatylna"
"node/611474706",21.0206383,52.2650494,"Zatylna"
"node/611914631",20.9199113,52.257092,"Wrocławska"
"node/611914635",20.9200427,52.2572,"Wrocławska"
"node/611918524",20.9799669,52.2370636,"Rondo Kercelak / Okopowa / Aleja „Solidarności”"
"node/612046584",20.9810015,52.2700929,"Augusta Cieszkowskiego"
"node/614336738",20.9895347,52.224923,"Plac Artura Zawiszy"
"node/614336753",20.9957363,52.2264304,"Plac Sokratesa Starynkiewicza / Żelazna / Aleje Jerozolimskie"
"node/614336759",20.9958893,52.2264635,"Plac Sokratesa Starynkiewicza / Żelazna / Aleje Jerozolimskie"
"node/614336767",21.0015432,52.2276707,"Rondo Czterdziestolatka"
"node/614336772",21.0022826,52.2278286,"Rondo Czterdziestolatka"
"node/614336775",21.0053454,52.2284801,"Emilii Plater"
"node/614336781",21.0056217,52.22854,"Emilii Plater"
"node/614336790",21.0112576,52.2297419,"Rondo Romana Dmowskiego"
"node/614336797",21.0121907,52.2299403,"Rondo Romana Dmowskiego"
"node/614336808",21.0162794,52.2308115,"Krucza"
"node/614336817",21.0205206,52.231712,"Rondo Generała Charles'a de Gaulle'a"
"node/614336825",21.0211093,52.231836,"Rondo Generała Charles'a de Gaulle'a"
"node/614336919",21.0511142,52.2382865,"Aleja Zieleniecka / Rondo Jerzego Waszyngtona / Aleja Księcia Józefa Poniatowskiego"
"node/614465436",21.0901789,52.2449367,"Grochowska"
"node/614465461",21.114182,52.2399246,"Podolska"
"node/614465480",21.0952994,52.2439341,"Wspólna Droga / Grochowska"
"node/614465491",21.1022218,52.2424612,"Grochowska / Józefa Chłopickiego"
"node/614473672",21.0472169,52.2477156,"Aleja Zieleniecka / Targowa"
"node/614473676",21.0472934,52.2476904,"Aleja Zieleniecka / Targowa"
"node/614473681",21.0474386,52.2477241,"Aleja Zieleniecka / Targowa"
"node/614473713",21.0695382,52.2461656,"Terespolska"
"node/614473717",21.0818897,52.2454339,""
"node/614473724",21.0747499,52.2458666,"Grenadierów / Podskarbińska / Międzyborska"
"node/614483234",21.0448313,52.2506459,"Brzeska"
"node/614483235",21.0463167,52.2514392,"Markowska"
"node/614488908",21.0588139,52.2581392,"Otwocka"
"node/614488909",21.058833,52.2581128,"Otwocka"
"node/614496631",21.0349326,52.2582376,"11 Listopada / Inżynierska"
"node/614502996",21.0322194,52.2733406,"Staniewicka"
"node/614515845",21.0207533,52.2637647,"Rondo Stefana Starzyńskiego / Most Gdański"
"node/614515897",21.0291316,52.2564908,"Ratuszowa / Jagiellońska"
"node/618122312",20.9446343,52.1767511,"Aleja Krakowska"
"node/618122314",20.9447512,52.1767251,"Aleja Krakowska"
"node/618122354",20.9473197,52.1793175,""
"node/618122395",20.9581388,52.1900379,"Rondo Jerzego Wojnara"
"node/618122398",20.9584265,52.1903665,"Rondo Jerzego Wojnara"
"node/618122408",20.9607759,52.1931241,""
"node/618122426",20.9629781,52.1956086,""
"node/618122450",20.9691824,52.2025883,"Władysława Korotyńskiego"
"node/618122458",20.9719893,52.2057562,"Karola Dickensa"
"node/618122544",20.9802905,52.2104495,"Adolfa Pawińskiego"
"node/618122572",20.9810968,52.216228,"Wawelska"
"node/618122582",20.981195,52.2163416,"Wawelska"
"node/618122592",20.982876,52.2182514,"Grójecka"
"node/618122693",20.9853562,52.2210555,"Juliana Ursyna Niemcewicza"
"node/619221991",21.0459609,52.2482782,"Jana Zamoyskiego"
"node/693536524",20.9374557,52.2468014,"Dywizjonu 303"
"node/750714822",21.0837694,52.2453165,"Rondo Wiatraczna"
"node/750715117",21.0837907,52.2453487,"Rondo Wiatraczna"
"node/750715573",21.0837805,52.2453334,"Rondo Wiatraczna"
"node/783649741",21.0018278,52.1953573,"Rondo Roberta Schumana"
"node/830688178",20.9887607,52.2246064,"Plac Artura Zawiszy"
"node/830688191",20.9895381,52.2249174,"Plac Artura Zawiszy"
"node/830688255",20.9887881,52.2245846,"Plac Artura Zawiszy"
"node/830688387",20.9887519,52.2246134,"Plac Artura Zawiszy"
"node/830688430",20.9887794,52.2245915,"Plac Artura Zawiszy"
"node/830688488",20.9895473,52.2248967,"Plac Artura Zawiszy"
"node/913037385",20.9869844,52.2273951,""
"node/924125776",20.9282563,52.2802342,"Horacego"
"node/969144793",20.9244345,52.2473353,"Trzech Lotniczek Polskich"
"node/969144829",20.9226799,52.2478435,"Radiowa"
"node/1060412273",20.9872137,52.2563691,"Pamiętajcie o Ogrodach"
"node/1098688984",20.9927881,52.2427856,""
"node/1102848996",20.9961847,52.2535472,""
"node/1118730077",20.9803827,52.237013,"Rondo Kercelak"
"node/1143264149",20.9340474,52.2713019,"Josepha Conrada"
"node/1143264205",21.0021938,52.1833642,"Domaniewska"
"node/1143664238",21.0047164,52.2457993,"Aleja „Solidarności”"
"node/1148029241",20.9846805,52.2300768,"Rondo Ignacego Daszyńskiego"
"node/1148029246",20.9772987,52.2442102,"Mordechaja Anielewicza"
"node/1148029249",20.9785813,52.23824,"Leszno"
"node/1148029526",20.9842453,52.2305825,"Rondo Ignacego Daszyńskiego"
"node/1148029609",20.9798077,52.250185,"Okopowa"
"node/1148029673",20.9818849,52.2543583,"Rondo Zgrupowania AK „Radosław”"
"node/1148029712",20.9813142,52.2532777,"Powązkowska"
"node/1148029760",20.9787065,52.2381019,"Leszno"
"node/1148029825",20.9821687,52.2332736,"Grzybowska"
"node/1148030023",20.9777322,52.2396182,"Żytnia"
"node/1148030059",20.9881361,52.2260593,""
"node/1148030112",20.9870225,52.2274052,""
"node/1181143920",21.037429,52.2612914,""
"node/1181145201",21.0375034,52.2614655,""
"node/1181146106",21.0373767,52.2612808,""
"node/1226624485",20.9664722,52.1996066,"Racławicka"
"node/1226624546",20.9665222,52.1995902,"Racławicka"
"node/1280172968",20.9946862,52.2406558,""
"node/1307359164",20.8975547,52.2581254,"Wacława Gąsiorowskiego"
"node/1317053041",20.9607229,52.2471454,""
"node/1317053048",20.961911,52.2465522,""
"node/1327871443",20.9264404,52.2472171,"Dywizjonu 303"
"node/1343973971",21.0207741,52.2637681,"Rondo Stefana Starzyńskiego / Most Gdański"
"node/1344325589",21.0001775,52.2202702,"Ludwika Krzywickiego"
"node/1345184809",20.901533,52.2391664,"Górczewska"
"node/1345184884",20.8999881,52.2392876,"Górczewska"
"node/1345706655",20.9043586,52.2390842,"Zenona Klemensiewicza"
"node/1345706663",20.9130477,52.238977,"Górczewska / Powstańców Śląskich"
"node/1345706680",20.9131358,52.2389924,"Górczewska / Powstańców Śląskich"
"node/1345706684",20.9043055,52.2390507,"Zenona Klemensiewicza"
"node/1346670484",20.9138731,52.2368093,"Powstańców Śląskich"
"node/1346680852",20.9168015,52.2208664,"Powstańców Śląskich"
"node/1346680867",20.9168247,52.2209402,"Powstańców Śląskich"
"node/1346727648",20.8977014,52.2592905,"Rondo Pułkownika Bernarda Adameckiego"
"node/1347155421",20.9297688,52.2235625,"Fort Wola"
"node/1347182302",20.9297885,52.2235308,"Fort Wola"
"node/1349117304",20.9697988,52.2288294,"Skierniewicka / Marcina Kasprzaka"
"node/1349149289",20.9726781,52.2352389,"Młynarska / Wolska"
"node/1350196915",20.9799567,52.2370107,"Rondo Kercelak / Okopowa / Aleja „Solidarności”"
"node/1350224198",20.9799946,52.2367912,"Rondo Kercelak / Okopowa / Aleja „Solidarności”"
"node/1350467447",20.9803378,52.2369316,"Rondo Kercelak / Okopowa / Aleja „Solidarności”"
"node/1351426860",20.9801651,52.237144,"Rondo Kercelak"
"node/1351426863",20.9800421,52.2370941,"Rondo Kercelak / Okopowa / Aleja „Solidarności”"
"node/1351426899",20.9803594,52.2371054,"Rondo Kercelak"
"node/1351426936",20.9803501,52.2371426,"Rondo Kercelak"
"node/1354585818",21.0245227,52.1899613,"Puławska / Jana Pawła Woronicza"
"node/1354597997",21.0205393,52.2117731,"Ludwika Waryńskiego"
"node/1354674893",21.01585,52.2199137,"Nowowiejska / Ludwika Waryńskiego"
"node/1354674905",21.0171858,52.2198815,"Nowowiejska"
"node/1354674909",21.0147662,52.2199678,"Nowowiejska"
"node/1354683551",21.0049936,52.2201348,"Aleja Niepodległości / Nowowiejska"
"node/1354683558",21.0050269,52.2201144,"Aleja Niepodległości / Nowowiejska"
"node/1354683573",21.0047525,52.2203104,"Aleja Niepodległości / Nowowiejska"
"node/1354683575",21.004756,52.220273,"Aleja Niepodległości / Nowowiejska"
"node/1354683577",21.0047155,52.2201387,"Aleja Niepodległości / Nowowiejska"
"node/1354683579",21.0047693,52.2201012,"Aleja Niepodległości / Nowowiejska"
"node/1354840797",20.9935825,52.2417523,"Aleja „Solidarności” / Aleja Jana Pawła II"
"node/1354840800",20.9934698,52.2417697,"Aleja „Solidarności” / Aleja Jana Pawła II"
"node/1357463606",20.9822678,52.2552256,"Rondo Zgrupowania AK „Radosław”"
"node/1357469438",20.9828169,52.2542737,"Rondo Zgrupowania AK „Radosław”"
"node/1367517872",20.9139233,52.2368185,"Powstańców Śląskich"
"node/1399840114",20.9593199,52.2280722,"Józefa Bema"
"node/1399840140",20.9593167,52.2281085,"Józefa Bema"
"node/1412975460",21.0167127,52.2217436,"Plac Konstytucji"
"node/1412975498",21.0158476,52.2231447,"Plac Konstytucji"
"node/1412975509",21.0147854,52.2246877,"Wilcza"
"node/1412975525",21.0128532,52.2279178,"Żurawia"
"node/1412975533",21.0118763,52.2295516,"Rondo Romana Dmowskiego"
"node/1417004390",21.0057741,52.2145148,""
"node/1419174063",21.0153324,52.2199541,"Nowowiejska / Ludwika Waryńskiego"
"node/1419174088",21.0125797,52.2200204,"Plac Politechniki / Nowowiejska"
"node/1438793165",21.0346236,52.2546366,"Targowa / Aleja „Solidarności”"
"node/1446467200",21.0340703,52.2554972,"Wileńska"
"node/1446467243",21.0339829,52.2554634,"Wileńska"
"node/1453461227",21.0138669,52.1889033,"Zygmunta Modzelewskiego"
"node/1453580564",20.9244351,52.2472969,"Trzech Lotniczek Polskich"
"node/1453580579",20.9198674,52.2571125,"Wrocławska"
"node/1453580582",20.9199986,52.2572206,"Wrocławska"
"node/1453668305",20.922761,52.2478028,"Radiowa"
"node/1454188864",21.0291043,52.2523504,"Aleja „Solidarności”"
"node/1454663869",20.993926,52.2577548,""
"node/1454672601",21.0067052,52.2382869,"Marszałkowska / Królewska"
"node/1454672618",21.0067626,52.2381909,"Marszałkowska / Królewska"
"node/1454672651",21.0066772,52.2383342,"Marszałkowska / Królewska"
"node/1455747493",20.9919942,52.2437,""
"node/1455747498",20.9920336,52.2437125,""
"node/1455747513",20.9934346,52.2419264,"Aleja „Solidarności” / Aleja Jana Pawła II"
"node/1455747519",20.9937384,52.2419794,"Aleja „Solidarności” / Aleja Jana Pawła II"
"node/1455747521",20.993792,52.2418377,"Aleja „Solidarności” / Aleja Jana Pawła II"
"node/1455747533",20.9840882,52.2528647,"Aleja Jana Pawła II"
"node/1455747538",20.9911802,52.2446975,"Nowolipki"
"node/1455747544",20.9936144,52.2419992,"Aleja „Solidarności” / Aleja Jana Pawła II"
"node/1455747562",20.9938204,52.2418856,"Aleja „Solidarności” / Aleja Jana Pawła II"
"node/1455747569",20.9937038,52.2418017,"Aleja „Solidarności” / Aleja Jana Pawła II"
"node/1455747583",20.9935047,52.2419548,"Aleja „Solidarności” / Aleja Jana Pawła II"
"node/1455819465",21.0022088,52.181,"Antoniego Uniechowskiego"
"node/1456834934",21.0378824,52.2686342,"Rondo Żaba"
"node/1456878006",20.9840193,52.2302259,"Rondo Ignacego Daszyńskiego"
"node/1456878007",20.9840032,52.2302497,"Rondo Ignacego Daszyńskiego"
"node/1456878040",21.0017821,52.2584473,"Zygmunta Słomińskiego"
"node/1456878075",20.9849059,52.2303988,"Rondo Ignacego Daszyńskiego"
"node/1456878104",21.0017155,52.2584489,"Zygmunta Słomińskiego"
"node/1457655647",21.0372534,52.268964,"Rondo Żaba"
"node/1457655648",21.0379271,52.2686595,"Rondo Żaba"
"node/1457700980",20.9619426,52.24657,""
"node/1457700986",20.9607506,52.2471731,""
"node/1458083112",20.9797906,52.2620794,"Aleja Jana Pawła II"
"node/1458083116",20.9788863,52.2623348,"Krystyny Matysiakówny"
"node/1458098628",20.9448926,52.271667,"Galla Anonima"
"node/1458098659",20.9449235,52.271698,"Galla Anonima"
"node/1458107702",20.9597593,52.2676301,"Aleja Armii Krajowej"
"node/1458107703",20.9636614,52.2665494,"Władysława Broniewskiego"
"node/1458107714",20.9588447,52.2678825,"Aleja Armii Krajowej"
"node/1458107721",20.9498012,52.2703863,"Generała Klemensa Stanisława Rudnickiego"
"node/1458107726",20.9718226,52.2642908,"Zygmunta Krasińskiego"
"node/1458123153",20.9883989,52.251905,"Stawki / Karmelicka"
"node/1458123159",20.9978543,52.2535559,"Muranowska / Generała Władysława Andersa"
"node/1458123164",20.997684,52.2537703,"Muranowska / Generała Władysława Andersa"
"node/1458123214",20.9858868,52.2509464,"Aleja Jana Pawła II / Stawki"
"node/1458123254",20.9916683,52.2533277,"Stanisława Dubois"
"node/1458123256",20.9857474,52.2511108,"Aleja Jana Pawła II / Stawki"
"node/1458123297",20.9859414,52.2510282,"Aleja Jana Pawła II / Stawki"
"node/1458123324",20.996184,52.2535169,""
"node/1458123330",20.9977067,52.2537933,"Muranowska / Generała Władysława Andersa"
"node/1458206620",20.9586909,52.2810379,"Podleśna"
"node/1458206628",20.955875,52.2839439,""
"node/1458206633",20.9559251,52.2839608,""
"node/1458208209",20.9771583,52.2663019,"Zygmunta Krasińskiego"
"node/1458208218",20.9770102,52.2665228,"Zygmunta Krasińskiego"
"node/1458519292",20.9339864,52.271298,"Josepha Conrada"
"node/1458519300",20.932604,52.2685958,"Generała Stanisława Maczka"
"node/1458519303",20.9339359,52.2712033,"Josepha Conrada"
"node/1458519304",20.9325547,52.2685041,"Generała Stanisława Maczka"
"node/1458519309",20.9275719,52.2634932,"Piastów Śląskich"
"node/1458527834",20.9988184,52.2492906,"Świętojerska"
"node/1459949850",20.9282411,52.2802011,"Horacego"
"node/1459949875",20.9201953,52.2823637,"Tomasza Nocznickiego"
"node/1459949905",20.9286419,52.2894322,"Tomasza Nocznickiego"
"node/1460529256",20.9859608,52.2693503,"Plac Thomasa Woodrowa Wilsona"
"node/1460529283",20.9809365,52.2753283,"Adama Mickiewicza"
"node/1460529313",20.9813478,52.2750531,"Potocka / Adama Mickiewicza"
"node/1460530777",20.9651135,52.3128759,"Myśliborska"
"node/1479349318",21.0012293,52.2442554,"Generała Władysława Andersa / Aleja „Solidarności”"
"node/1479349320",21.0012103,52.2442587,"Generała Władysława Andersa / Aleja „Solidarności”"
"node/1479349322",21.0013429,52.2442768,"Generała Władysława Andersa / Aleja „Solidarności”"
"node/1479349324",21.0009773,52.2442673,"Generała Władysława Andersa / Aleja „Solidarności”"
"node/1479349329",21.0013576,52.2442794,"Generała Władysława Andersa / Aleja „Solidarności”"
"node/1479349330",21.0009658,52.2442799,"Generała Władysława Andersa / Aleja „Solidarności”"
"node/1479349331",21.0011544,52.2443111,"Generała Władysława Andersa / Aleja „Solidarności”"
"node/1479349333",21.0014086,52.2442897,"Generała Władysława Andersa / Aleja „Solidarności”"
"node/1479349334",21.0009456,52.2443015,"Generała Władysława Andersa / Aleja „Solidarności”"
"node/1479349336",21.0014324,52.2442943,"Generała Władysława Andersa / Aleja „Solidarności”"
"node/1479349337",21.0009405,52.2443073,"Generała Władysława Andersa / Aleja „Solidarności”"
"node/1479349344",21.001513,52.2443102,"Aleja „Solidarności”"
"node/1479349346",21.0011367,52.2443268,"Generała Władysława Andersa / Aleja „Solidarności”"
"node/1479349348",21.0011062,52.2443528,"Generała Władysława Andersa / Aleja „Solidarności”"
"node/1479349359",21.0011525,52.2444606,"Generała Władysława Andersa / Aleja „Solidarności”"
"node/1479349360",21.0011982,52.2444754,"Generała Władysława Andersa / Aleja „Solidarności”"
"node/1505138638",20.9924248,52.2318805,"Żelazna"
"node/1531135059",20.9971644,52.2358316,"Grzybowska"
"node/1531135060",20.9972011,52.2358411,"Grzybowska"
"node/1531135061",20.9971004,52.2359756,"Grzybowska"
"node/1531135064",20.9971458,52.2359849,"Grzybowska"
"node/1531152564",21.0208041,52.2107401,"Puławska / Goworka"
"node/1531152565",21.0207356,52.2107594,"Puławska / Goworka"
"node/1561100073",20.9242874,52.2812586,"Sokratesa"
"node/1566704365",20.9772399,52.2441971,"Mordechaja Anielewicza"
"node/1598852315",20.9114376,52.2467417,"Powstańców Śląskich"
"node/1598852334",20.9117497,52.2467732,"Powstańców Śląskich"
"node/1621070902",20.927785,52.2635797,"Piastów Śląskich"
"node/1621070905",20.9277186,52.2635883,"Piastów Śląskich"
"node/1701025429",20.929472,52.2927908,"Zgrupowania AK „Kampinos”"
"node/1770094146",21.0350037,52.2581978,"11 Listopada / Inżynierska"
"node/1770771074",21.0433963,52.2596037,"Czynszowa / Wileńska"
"node/1770771109",21.0433765,52.2595578,"Czynszowa / Wileńska"
"node/1801539011",21.0138659,52.1889327,"Zygmunta Modzelewskiego"
"node/1821243818",21.0497452,52.1779035,"Świętego Bonifacego"
"node/1838538833",20.9285985,52.2894599,"Tomasza Nocznickiego"
"node/1838588763",20.9737889,52.2713754,"Juliusza Słowackiego"
"node/1858513961",21.0836376,52.2447374,"Aleja Jerzego Waszyngtona / Rondo Wiatraczna"
"node/1880688810",20.9832421,52.2548457,"Rondo Zgrupowania AK „Radosław”"
"node/1886443002",20.9295868,52.2927385,"Zgrupowania AK „Kampinos”"
"node/1886443003",20.9296171,52.2928205,"Zgrupowania AK „Kampinos”"
"node/1886443004",20.9295477,52.2928524,"Zgrupowania AK „Kampinos”"
"node/1889016561",21.0463521,52.2514136,"Markowska"
"node/1936911163",20.9125299,52.2421066,""
"node/1936911164",20.9125864,52.2421087,""
"node/1940562140",21.0374684,52.2614961,""
"node/2050186363",20.9586371,52.2810167,"Podleśna"
"node/2054435267",20.9900981,52.2191577,"Andrzeja Krzyckiego / Raszyńska"
"node/2054435268",20.9893271,52.2191802,"Raszyńska"
"node/2054435272",20.9849607,52.2192451,"Plac Gabriela Narutowicza"
"node/2054435288",20.9843004,52.2198636,"Plac Gabriela Narutowicza"
"node/2054435289",20.9842662,52.2198754,"Plac Gabriela Narutowicza"
"node/2054435290",20.9842495,52.2198806,"Plac Gabriela Narutowicza"
"node/2054435291",20.9999948,52.2200856,"Ludwika Krzywickiego"
"node/2054435292",21.0000481,52.2201404,"Ludwika Krzywickiego"
"node/2060766247",20.9542943,52.1858094,"Komitetu Obrony Robotników"
"node/2060766248",20.9542504,52.1858355,"Komitetu Obrony Robotników"
"node/2060766251",20.9543198,52.185914,"Komitetu Obrony Robotników"
"node/2060766252",20.9543847,52.1859134,"Komitetu Obrony Robotników"
"node/2064575890",21.015898,52.223156,"Plac Konstytucji"
"node/2064575918",21.0138942,52.2261723,"Hoża"
"node/2071682599",21.020937,52.2635487,"Rondo Stefana Starzyńskiego / Most Gdański"
"node/2071691191",21.0362672,52.2678662,"Stefana Starzyńskiego"
"node/2074634349",21.114198,52.2399568,"Podolska"
"node/2143876592",21.0215008,52.17801,"Puławska"
"node/2143876595",21.0214834,52.178131,"Puławska"
"node/2143876646",21.0245794,52.1899759,"Puławska / Jana Pawła Woronicza"
"node/2143937651",20.9872867,52.2232466,""
"node/2143937654",20.987233,52.2232606,""
"node/2153167074",21.0157475,52.2232341,"Plac Konstytucji"
"node/2153167075",21.0157777,52.2232583,"Plac Konstytucji"
"node/2282034155",20.9735231,52.2717325,"Juliusza Słowackiego / Plac Jacka Kuronia"
"node/2297560426",21.0011458,52.2586108,"Zygmunta Słomińskiego"
"node/2297560428",21.0011541,52.2586467,"Zygmunta Słomińskiego"
"node/2374481686",20.9607405,52.3169001,"Myśliborska / Światowida"
"node/2374481687",20.9607127,52.3169321,"Myśliborska / Światowida"
"node/2376927996",21.0276093,52.278274,"Pożarowa"
"node/2376927997",21.0276513,52.2782866,"Pożarowa"
"node/2376930614",21.0348997,52.2582585,"11 Listopada / Inżynierska"
"node/2377042264",21.0302969,52.2667456,"Namysłowska"
"node/2384110314",21.0513974,52.2383744,"Aleja Zieleniecka / Rondo Jerzego Waszyngtona / Aleja Księcia Józefa Poniatowskiego"
"node/2384195569",21.0634303,52.2465546,"Gocławska"
"node/2386670981",21.0422772,52.2606107,"Czynszowa / Stalowa"
"node/2401749081",21.0472581,52.2476754,"Aleja Zieleniecka / Targowa"
"node/2405949548",21.0050128,52.2173186,""
"node/2475746011",21.0021375,52.1833638,"Domaniewska"
"node/2503128235",21.0209064,52.2636259,"Rondo Stefana Starzyńskiego / Most Gdański"
"node/2506147748",20.9884276,52.2518805,"Stawki / Karmelicka"
"node/2506151743",20.9950028,52.2536745,""
"node/2506151745",20.9950142,52.2537038,""
"node/2506172738",20.9977982,52.2537994,"Muranowska / Generała Władysława Andersa"
"node/2512756581",20.9781646,52.2707253,"Stanisława Szczepanowskiego"
"node/2512756582",20.9781795,52.2707498,"Stanisława Szczepanowskiego"
"node/2566012673",20.9978346,52.2585113,""
"node/2566012674",20.9979236,52.2585177,""
"node/2566012675",20.9978304,52.2585464,""
"node/2566012676",20.9979214,52.2585529,""
"node/2588319249",20.9646103,52.3126765,""
"node/2588319251",20.9646358,52.3127288,""
"node/2622861040",20.9622662,52.2668988,"Elbląska"
"node/2625470706",20.9888037,52.2473777,"Mordechaja Anielewicza"
"node/2636888248",21.0070051,52.2106027,"Stefana Batorego"
"node/2636888250",21.0070603,52.2106101,"Stefana Batorego"
"node/2677956952",20.9871143,52.2193017,"Adama Asnyka"
"node/2677959153",21.0001972,52.2202351,"Ludwika Krzywickiego"
"node/2677959154",21.0002466,52.2202557,"Ludwika Krzywickiego"
"node/2677968570",21.0050114,52.2203309,"Aleja Niepodległości / Nowowiejska"
"node/2677994554",21.0152544,52.219956,"Nowowiejska / Ludwika Waryńskiego"
"node/2751964435",21.0245788,52.1890597,"Puławska"
"node/2751964436",21.0246344,52.1890611,"Puławska"
"node/2769382018",20.9163932,52.2251404,"Borowej Góry"
"node/2769382046",20.9153044,52.2289932,"Człuchowska"
"node/2769382047",20.9153649,52.2290028,"Człuchowska"
"node/2769382048",20.9152752,52.2291084,"Człuchowska"
"node/2769382049",20.9153279,52.229117,"Człuchowska"
"node/2820200925",21.0289314,52.2564449,"Ratuszowa / Jagiellońska"
"node/2838644372",20.9934218,52.2418246,"Aleja „Solidarności” / Aleja Jana Pawła II"
"node/2838644373",20.9933915,52.2418592,"Aleja „Solidarności” / Aleja Jana Pawła II"
"node/2838674635",20.9946349,52.2406576,""
"node/2839093449",20.9857344,52.251113,"Aleja Jana Pawła II / Stawki"
"node/2846314314",20.9208356,52.2487605,"Wrocławska"
"node/2846314315",20.9208663,52.2487869,"Wrocławska"
"node/2846314316",20.9206795,52.2488342,"Wrocławska"
"node/2846314317",20.9207128,52.2488617,"Wrocławska"
"node/2847028899",20.9266958,52.2471713,"Dywizjonu 303"
"node/2847032734",20.8980943,52.2534587,""
"node/2847032755",20.8976515,52.2589383,"Rondo Pułkownika Bernarda Adameckiego"
"node/2848403590",20.9252771,52.2616021,"Powstańców Śląskich"
"node/2848403595",20.9253655,52.2616573,"Powstańców Śląskich"
"node/2850526923",21.0235046,52.1833762,"Domaniewska"
"node/2850526924",21.0235635,52.1833688,"Domaniewska"
"node/2850526925",21.0236001,52.1834752,"Domaniewska"
"node/2850526926",21.02354,52.183482,"Domaniewska"
"node/2857243928",21.0329872,52.2567473,"11 Listopada / Targowa"
"node/2864970150",20.9154793,52.2536268,"Powstańców Śląskich"
"node/2864970152",20.9155671,52.2537234,"Powstańców Śląskich"
"node/2870685844",20.9615155,52.2779736,"Zabłocińska"
"node/2870685845",20.9615662,52.2779914,"Zabłocińska"
"node/2881381299",21.0133571,52.227073,"Wspólna"
"node/2881387603",21.012893,52.2279283,"Żurawia"
"node/2891130530",20.929962,52.2235592,"Fort Wola"
"node/2891130540",20.9299371,52.2235899,"Fort Wola"
"node/2891711656",20.9360422,52.2252422,"Józefa Sowińskiego"
"node/2967812051",20.9935167,52.2615301,"Generała Józefa Zajączka"
"node/2967812053",20.9934353,52.2615421,"Generała Józefa Zajączka"
"node/2992282475",20.913219,52.2390069,"Górczewska / Powstańców Śląskich"
"node/2999938378",20.9736207,52.2716273,"Juliusza Słowackiego / Plac Jacka Kuronia"
"node/3099432827",21.011545,52.2301064,"Rondo Romana Dmowskiego"
"node/3106810634",20.9782724,52.2293145,"Karolkowa"
"node/3106810636",20.978263,52.229344,"Karolkowa"
"node/3111554172",21.0020531,52.2274753,"Rondo Czterdziestolatka"
"node/3111554535",21.0017795,52.2279038,"Rondo Czterdziestolatka"
"node/3115012045",20.9958302,52.226249,"Plac Sokratesa Starynkiewicza / Żelazna / Aleje Jerozolimskie"
"node/3115012061",20.9957435,52.2263127,"Plac Sokratesa Starynkiewicza / Żelazna / Aleje Jerozolimskie"
"node/3115012064",20.9958485,52.2263324,"Plac Sokratesa Starynkiewicza / Żelazna / Aleje Jerozolimskie"
"node/3115012081",20.995922,52.2263478,"Plac Sokratesa Starynkiewicza / Żelazna / Aleje Jerozolimskie"
"node/3115012086",20.9957732,52.2263666,"Plac Sokratesa Starynkiewicza / Żelazna / Aleje Jerozolimskie"
"node/3115012093",20.9959458,52.2263874,"Plac Sokratesa Starynkiewicza / Żelazna / Aleje Jerozolimskie"
"node/3115012110",20.9959178,52.2264238,"Plac Sokratesa Starynkiewicza / Żelazna / Aleje Jerozolimskie"
"node/3126574130",20.9888549,52.225084,"Plac Artura Zawiszy"
"node/3126574132",20.9888628,52.2250865,"Plac Artura Zawiszy"
"node/3126574135",20.988894,52.2250961,"Plac Artura Zawiszy"
"node/3126574138",20.9889066,52.2250999,"Plac Artura Zawiszy"
"node/3157084099",20.9111268,52.2477379,"Powstańców Śląskich"
"node/3157084100",20.9111863,52.2477386,"Powstańców Śląskich"
"node/3157084152",20.913448,52.2521356,"Powstańców Śląskich / Radiowa"
"node/3157084153",20.9133999,52.2521585,"Powstańców Śląskich / Radiowa"
"node/3157084157",20.9136401,52.2522596,"Powstańców Śląskich / Radiowa"
"node/3157084158",20.9135671,52.2522857,"Powstańców Śląskich / Radiowa"
"node/3198453519",20.9633644,52.3177016,"Światowida"
"node/3198453520",20.9634642,52.3177432,"Światowida"
"node/3199146893",20.9524065,52.3186431,"Ćmielowska / Światowida"
"node/3199146895",20.952441,52.3186694,"Ćmielowska / Światowida"
"node/3199183193",20.9443226,52.3226525,"Józefa Mehoffera / Światowida"
"node/3200464984",20.9442915,52.3226306,"Józefa Mehoffera / Światowida"
"node/3200465057",20.9431335,52.3233777,"Światowida"
"node/3202805930",20.9848726,52.2706405,"Kątowa"
"node/3202805931",20.9849099,52.2706518,"Kątowa"
"node/3202805934",20.9838678,52.2718788,""
"node/3202805935",20.983909,52.271891,""
"node/3202805955",20.9831841,52.2727281,""
"node/3202805956",20.9832288,52.2727415,""
"node/3252813906",20.9561136,52.2310291,"Rondo Zdzisława Lubomirskiego"
"node/3252813908",20.9561008,52.2310684,"Rondo Zdzisława Lubomirskiego"
"node/3252813913",20.9567696,52.2312102,"Rondo Zdzisława Lubomirskiego"
"node/3252813915",20.9567551,52.2312549,"Rondo Zdzisława Lubomirskiego"
"node/3264473393",20.965051,52.312894,"Myśliborska"
"node/3264473414",20.9652859,52.3129458,"Myśliborska"
"node/3264473422",20.9652243,52.3129633,"Myśliborska"
"node/3302833625",20.9810206,52.2701253,"Augusta Cieszkowskiego"
"node/3342924867",20.9916831,52.2632256,"Plac Inwalidów"
"node/3342925019",20.9901606,52.2649269,"Plac Inwalidów"
"node/3347714875",21.0242507,52.1946914,"Antoniego Malczewskiego"
"node/3347714876",21.0243066,52.1946933,"Antoniego Malczewskiego"
"node/3347724015",21.0240816,52.1972542,""
"node/3347724016",21.0241407,52.1972548,""
"node/3383376635",20.9389026,52.246823,"Dywizjonu 303 / Księcia Janusza / Obozowa"
"node/3386739868",21.0228466,52.1819057,""
"node/3386739869",21.0229072,52.1819058,""
"node/3395882648",21.0018054,52.1888824,"Wołoska / Jana Pawła Woronicza"
"node/3395884973",21.0017731,52.1957872,"Rondo Roberta Schumana"
"node/3398604796",21.018817,52.2478965,""
"node/3402833914",21.0214113,52.2138904,"Polna / Plac Unii Lubelskiej"
"node/3402833915",21.0213644,52.2138933,"Polna / Plac Unii Lubelskiej"
"node/3472384967",20.981247,52.2751186,"Potocka / Adama Mickiewicza"
"node/3472384970",20.9812796,52.2751405,"Potocka / Adama Mickiewicza"
"node/3478669089",20.95772,52.2473773,"Obozowa / Aleja Prymasa Tysiąclecia"
"node/3478669099",20.9576985,52.2474058,"Obozowa / Aleja Prymasa Tysiąclecia"
"node/3554234701",20.9741955,52.2716845,"Plac Jacka Kuronia"
"node/3690350893",21.0036865,52.2424464,"Senatorska"
"node/3690350897",21.0037261,52.2424659,"Senatorska"
"node/3690350902",21.0036047,52.2425088,"Senatorska"
"node/3690382947",21.0036506,52.2425242,"Senatorska"
"node/3694443465",21.0128534,52.2279936,"Żurawia"
"node/3694443466",21.0127948,52.2280173,"Żurawia"
"node/3708559567",20.9856833,52.2509707,"Aleja Jana Pawła II / Stawki"
"node/3709129071",20.9858525,52.2509847,"Aleja Jana Pawła II / Stawki"
"node/3709129078",20.9858702,52.2510123,"Aleja Jana Pawła II / Stawki"
"node/3709129090",20.9856357,52.2510832,"Aleja Jana Pawła II / Stawki"
"node/3709402938",20.9797397,52.2501676,"Okopowa"
"node/3716671359",21.0179956,52.2195776,"Plac Zbawiciela"
"node/3716671360",21.0180399,52.2195829,"Plac Zbawiciela"
"node/3716671377",21.0175719,52.2198593,"Nowowiejska / Plac Zbawiciela"
"node/3716671379",21.0175855,52.2198899,"Plac Zbawiciela / Nowowiejska"
"node/3716671392",21.0177283,52.220029,"Plac Zbawiciela / Nowowiejska"
"node/3716671394",21.0177624,52.2200489,"Plac Zbawiciela"
"node/3723976892",21.0169139,52.219888,"Nowowiejska"
"node/3783591882",21.0018361,52.1923469,"Jana Bytnara „Rudego”"
"node/3783591883",21.0017802,52.192373,"Jana Bytnara „Rudego”"
"node/3823379306",20.9936509,52.2539143,"Pokorna"
"node/3867381838",21.0406791,52.2600502,"Środkowa / Stalowa"
"node/3867468451",21.0377679,52.2621556,"Kowieńska / 11 Listopada"
"node/3892895184",21.0050289,52.2172025,""
"node/3892912358",21.0050941,52.2171471,""
"node/3894405204",21.0324686,52.2537903,"Jagiellońska"
"node/3933676064",20.986967,52.2684542,"Plac Thomasa Woodrowa Wilsona"
"node/4053554789",20.9889114,52.2663042,"Ludwika Mierosławskiego"
"node/4101928454",20.9343897,52.2988921,"Zgrupowania AK „Kampinos”"
"node/4101928455",20.9344953,52.2989541,"Zgrupowania AK „Kampinos”"
"node/4101928456",20.9346143,52.2990256,"Zgrupowania AK „Kampinos”"
"node/4101928461",20.9346976,52.2990731,"Zgrupowania AK „Kampinos” / Książąt Mazowieckich"
"node/4101928464",20.9351053,52.2991104,"Zgrupowania AK „Kampinos” / Książąt Mazowieckich"
"node/4101928465",20.9350925,52.2991172,"Zgrupowania AK „Kampinos” / Książąt Mazowieckich"
"node/4101928467",20.9350617,52.2991333,"Zgrupowania AK „Kampinos” / Książąt Mazowieckich"
"node/4101928469",20.9350253,52.2991526,"Zgrupowania AK „Kampinos” / Książąt Mazowieckich"
"node/4209882706",20.9615832,52.2778987,"Zabłocińska"
"node/4209882707",20.9616318,52.2779185,"Zabłocińska"
"node/4242421091",21.0376591,52.2621536,"Kowieńska / 11 Listopada"
"node/4298701137",21.0005849,52.2062567,"Giordana Bruna"
"node/4350786085",21.0376395,52.2620862,"Kowieńska / 11 Listopada"
"node/4360517712",21.0022554,52.1887023,"Wołoska / Jana Pawła Woronicza"
"node/4360517752",21.0020524,52.1888896,"Wołoska / Jana Pawła Woronicza"
"node/4554504154",20.9720216,52.2369524,"Leszno / Górczewska"
"node/4554504155",20.9720676,52.2369596,"Leszno / Górczewska"
"node/4571626269",21.0050626,52.2201343,"Aleja Niepodległości / Nowowiejska"
"node/4571626272",21.0050235,52.2201572,"Aleja Niepodległości / Nowowiejska"
"node/4571626274",21.0050152,52.2202847,"Aleja Niepodległości / Nowowiejska"
"node/4571636377",20.9993738,52.2059083,"Rakowiecka / Świętego Andrzeja Boboli"
"node/4571636381",20.9993533,52.2059519,"Rakowiecka / Świętego Andrzeja Boboli"
"node/4571636383",20.9993674,52.2059632,"Rakowiecka / Świętego Andrzeja Boboli"
"node/4571698734",21.017276,52.2198791,"Nowowiejska / Plac Zbawiciela"
"node/4575062026",21.0459984,52.2483193,"Jana Zamoyskiego"
"node/4575062028",21.0459746,52.2482955,"Jana Zamoyskiego"
"node/4575064571",21.047092,52.2477562,"Targowa / Aleja Zieleniecka"
"node/4575200588",21.0372122,52.2689446,"Rondo Żaba"
"node/4575202367",21.0371522,52.2689106,"Rondo Żaba"
"node/4575202369",21.0372879,52.2689763,"Rondo Żaba"
"node/4575247497",21.0208019,52.2634188,"Rondo Stefana Starzyńskiego / Most Gdański"
"node/4575256867",21.0206818,52.2637532,"Rondo Stefana Starzyńskiego / Most Gdański"
"node/4575256870",21.0207142,52.2637584,"Rondo Stefana Starzyńskiego / Most Gdański"
"node/4575329220",20.997694,52.2537195,"Muranowska / Generała Władysława Andersa"
"node/4575329228",20.9977901,52.2535479,"Muranowska / Generała Władysława Andersa"
"node/4575329229",20.9977116,52.2536312,"Muranowska / Generała Władysława Andersa"
"node/4576937083",20.9798216,52.2620341,"Aleja Jana Pawła II"
"node/4577323434",20.9387582,52.2467753,"Dywizjonu 303 / Księcia Janusza / Obozowa"
"node/4577323443",20.9372519,52.246809,"Dywizjonu 303"
"node/4579047331",20.9801165,52.2367617,"Rondo Kercelak / Okopowa / Aleja „Solidarności”"
"node/4579056412",20.9802272,52.2368865,"Rondo Kercelak / Okopowa / Aleja „Solidarności”"
"node/4579056413",20.9800973,52.2368207,"Rondo Kercelak / Okopowa / Aleja „Solidarności”"
"node/4579056414",20.9800776,52.2368258,"Rondo Kercelak / Okopowa / Aleja „Solidarności”"
"node/4579056415",20.980249,52.2368954,"Rondo Kercelak / Okopowa / Aleja „Solidarności”"
"node/4579074507",20.9800317,52.2369327,"Rondo Kercelak / Okopowa / Aleja „Solidarności”"
"node/4579090016",20.9800832,52.2371107,"Rondo Kercelak / Okopowa / Aleja „Solidarności”"
"node/4579090017",20.9801035,52.237119,"Rondo Kercelak / Okopowa / Aleja „Solidarności”"
"node/4579179020",20.9935488,52.2419727,"Aleja „Solidarności” / Aleja Jana Pawła II"
"node/4579191309",20.9934153,52.241832,"Aleja „Solidarności” / Aleja Jana Pawła II"
"node/4579191310",20.9935467,52.2419718,"Aleja „Solidarności” / Aleja Jana Pawła II"
"node/4579191317",20.9934428,52.2418006,"Aleja „Solidarności” / Aleja Jana Pawła II"
"node/4579191319",20.9935085,52.2419563,"Aleja „Solidarności” / Aleja Jana Pawła II"
"node/4579196214",20.9936587,52.2417833,"Aleja „Solidarności” / Aleja Jana Pawła II"
"node/4579196215",20.9936966,52.2417988,"Aleja „Solidarności” / Aleja Jana Pawła II"
"node/4579196221",20.9936316,52.2417723,"Aleja „Solidarności” / Aleja Jana Pawła II"
"node/4579203080",20.993766,52.2419477,"Aleja „Solidarności” / Aleja Jana Pawła II"
"node/4579203084",20.993787,52.2419237,"Aleja „Solidarności” / Aleja Jana Pawła II"
"node/4622547637",21.0118181,52.2200227,"Plac Politechniki / Nowowiejska"
"node/4622547638",21.0118457,52.2200218,"Plac Politechniki / Nowowiejska"
"node/4622547639",21.0118363,52.2200495,"Plac Politechniki / Nowowiejska"
"node/4622547640",21.0123981,52.220027,"Plac Politechniki / Nowowiejska"
"node/4622547641",21.0123873,52.2200008,"Plac Politechniki / Nowowiejska"
"node/4623415237",21.0049195,52.2201358,"Aleja Niepodległości / Nowowiejska"
"node/4623415238",21.0048744,52.2201364,"Aleja Niepodległości / Nowowiejska"
"node/4623415239",21.004785,52.2201375,"Aleja Niepodległości / Nowowiejska"
"node/4623415240",21.004767,52.2201492,"Aleja Niepodległości / Nowowiejska"
"node/4705757185",20.9416683,52.3323722,"Hanki Ordonówny / Światowida"
"node/4705758127",20.9420302,52.3353224,"Strumykowa / Światowida"
"node/4705758128",20.9420882,52.3353173,"Strumykowa / Światowida"
"node/4705758136",20.941723,52.3323674,"Hanki Ordonówny / Światowida"
"node/4973583389",20.9576726,52.2474592,"Obozowa / Aleja Prymasa Tysiąclecia"
"node/4973583390",20.9577597,52.2474609,"Obozowa / Aleja Prymasa Tysiąclecia"
"node/4974192387",20.9676638,52.2435469,"Obozowa"
"node/4978125632",21.0331274,52.2566118,"11 Listopada / Targowa"
"node/5008981726",20.9447951,52.1768025,"Aleja Krakowska"
"node/5008981727",20.9447055,52.1768206,"Aleja Krakowska"
"node/5073439962",21.0540208,52.2542079,"Kijowska"
"node/5073439963",21.0540758,52.2542156,"Kijowska"
"node/5139556747",20.9844108,52.2198264,"Plac Gabriela Narutowicza"
"node/5139556750",20.9844282,52.2197946,"Plac Gabriela Narutowicza"
"node/5144492814",21.0020739,52.1856081,"Konstruktorska"
"node/5218103364",21.0209235,52.2635716,"Rondo Stefana Starzyńskiego / Most Gdański"
"node/5276170555",21.0201037,52.2662946,""
"node/5276170556",21.0200885,52.2663547,""
"node/5276170557",21.0201523,52.2662898,""
"node/5276170558",21.0201335,52.2663623,""
"node/5404069652",21.047719,52.1776914,"Świętego Bonifacego"
"node/5404069662",21.0502871,52.1783361,"Świętego Bonifacego"
"node/5994141539",20.9971903,52.1794857,"Postępu"
"node/5994141540",20.9972109,52.179519,"Postępu"
"node/6125594979",20.9224625,52.2844033,"Rokokowa / Tomasza Nocznickiego"
"node/6125594980",20.9224249,52.2844202,"Rokokowa / Tomasza Nocznickiego"
"node/6439949854",21.0164324,52.2308134,"Krucza"
"node/6439949855",21.01642,52.2308413,"Krucza"
"node/6486342182",21.001839,52.1957796,"Rondo Roberta Schumana"
"node/6486342183",21.0017689,52.1953634,"Rondo Roberta Schumana"
"node/6556202305",20.9622702,52.2669346,"Elbląska"
"node/6556279702",20.9324733,52.2787461,"Wólczyńska"
"node/6556279707",20.932181,52.2788072,"Wólczyńska"
"node/6634810255",20.9243242,52.2812873,"Sokratesa"
"node/6637644156",21.0220504,52.1795069,"Aleja Wilanowska / Puławska"
"node/6637644157",21.0220183,52.1795797,"Aleja Wilanowska / Puławska"
"node/6637644158",21.022041,52.1796395,"Aleja Wilanowska / Puławska"
"node/6637644159",21.0220889,52.1796079,"Aleja Wilanowska / Puławska"
"node/6637644160",21.0189794,52.171326,"Smyczkowa"
"node/6637644162",21.0197924,52.1733679,"Aleja Lotników"
"node/6637644163",21.0197366,52.173377,"Aleja Lotników"
"node/6637644166",21.0218558,52.1791377,"Aleja Wilanowska / Puławska"
"node/6637644167",21.0219155,52.1791357,"Aleja Wilanowska / Puławska"
"node/6695978102",20.9640644,52.1968698,"Instalatorów"
"node/6695978103",20.9641158,52.196853,"Instalatorów"
"node/6812846048",21.0213968,52.2138158,"Polna / Plac Unii Lubelskiej"
"node/6812846049",21.0214357,52.2138318,"Polna / Plac Unii Lubelskiej"
"node/6812846050",21.0214547,52.2133941,"Plac Unii Lubelskiej"
"node/7140718070",20.9719908,52.23717,"Leszno / Górczewska"
"node/7140718076",20.9719471,52.2371638,"Leszno / Górczewska"
"node/7140718082",20.9727678,52.235064,"Wolska / Młynarska"
"node/7140718083",20.9728308,52.2348095,"Wolska / Młynarska"
"node/7279866730",20.9876182,52.2192742,""
"node/7279866731",20.9876211,52.2193004,""
"node/7490460229",21.0288532,52.2564163,"Ratuszowa / Jagiellońska"
"node/7490460230",21.0288091,52.2564002,"Jagiellońska / Ratuszowa"
"node/7490715259",21.0325008,52.2537664,"Jagiellońska"
"node/7612615171",21.0070877,52.2105226,"Stefana Batorego"
"node/7612615172",21.0070327,52.2105154,"Stefana Batorego"
"node/7690890279",21.0019113,52.1889834,"Wołoska / Jana Pawła Woronicza"
"node/7690890280",21.0019886,52.1889842,"Wołoska / Jana Pawła Woronicza"
"node/7690890281",21.0020207,52.1889845,"Wołoska / Jana Pawła Woronicza"
"node/7690890282",21.0020478,52.1889848,"Wołoska / Jana Pawła Woronicza"
"node/7690890283",21.0020783,52.1889851,"Wołoska / Jana Pawła Woronicza"
"node/7690890284",21.0020893,52.1889852,"Wołoska / Jana Pawła Woronicza"
"node/7690948385",21.0021712,52.188893,"Wołoska / Jana Pawła Woronicza"
"node/7690948394",21.0018145,52.1887962,"Wołoska / Jana Pawła Woronicza"
"node/7690948398",21.0020823,52.1888904,"Wołoska / Jana Pawła Woronicza"
"node/7690948399",21.0019749,52.1888873,"Wołoska / Jana Pawła Woronicza"
"node/7690948400",21.0018137,52.1888033,"Wołoska / Jana Pawła Woronicza"
"node/7690948403",21.0018282,52.1886754,"Wołoska / Jana Pawła Woronicza"
"node/7690948404",21.001821,52.18874,"Wołoska / Jana Pawła Woronicza"
"node/7700108241",21.005021,52.220196,"Aleja Niepodległości / Nowowiejska"
"node/7700108243",21.0047622,52.2202032,"Aleja Niepodległości / Nowowiejska"
"node/7700108250",21.0050192,52.2202237,"Aleja Niepodległości / Nowowiejska"
"node/7700108251",21.0047597,52.2202317,"Aleja Niepodległości / Nowowiejska"
"node/7700108255",21.0156604,52.2199462,"Nowowiejska / Ludwika Waryńskiego"
"node/7774100483",20.9427876,52.2468307,"Erazma Ciołka"
"node/7774100484",20.9475241,52.2470496,"Deotymy"
"node/7774113885",20.9532639,52.2473214,"Długomiła"
"node/7774113886",20.9427904,52.2468061,"Erazma Ciołka"
"node/7774113887",20.9475266,52.247027,"Deotymy"
"node/7774113888",20.9388791,52.2466823,"Dywizjonu 303 / Księcia Janusza / Obozowa"
"node/7774113889",20.9388829,52.2467085,"Dywizjonu 303 / Księcia Janusza / Obozowa"
"node/7774113891",20.9532584,52.2472943,"Długomiła"
"node/7777387584",21.0521685,52.2382538,"Aleja Jerzego Waszyngtona / Rondo Jerzego Waszyngtona"
"node/7777391394",21.0291563,52.2564703,"Ratuszowa / Jagiellońska"
"node/7777391395",21.0291186,52.2565016,"Ratuszowa / Jagiellońska"
"node/7777391399",21.0310008,52.2573891,"Ratuszowa / Tadeusza Borowskiego / Kameralna"
"node/7777391400",21.0309044,52.2573088,"Ratuszowa / Tadeusza Borowskiego / Kameralna"
"node/7777391401",21.0314771,52.2575894,"Ratuszowa"
"node/7777391402",21.0350419,52.2581682,"11 Listopada / Inżynierska"
"node/7777391404",21.038973,52.2593444,"Konopacka"
"node/7777391405",21.0349674,52.2581649,"11 Listopada / Inżynierska"
"node/7777391410",21.033084,52.2566543,"11 Listopada / Targowa"
"node/7777391412",21.0291634,52.2565325,"Ratuszowa / Jagiellońska"
"node/7777391413",21.0291012,52.256516,"Ratuszowa / Jagiellońska"
"node/7777412485",21.0521487,52.2382826,"Aleja Jerzego Waszyngtona / Rondo Jerzego Waszyngtona"
"node/7777412486",21.0532578,52.2385109,"Aleja Jerzego Waszyngtona"
"node/7777412487",21.0534108,52.2384332,"Aleja Jerzego Waszyngtona"
"node/7777412488",21.0513446,52.2383583,"Aleja Zieleniecka / Rondo Jerzego Waszyngtona / Aleja Księcia Józefa Poniatowskiego"
"node/7777412491",21.0512915,52.2381059,"Aleja Zieleniecka / Rondo Jerzego Waszyngtona / Aleja Księcia Józefa Poniatowskiego"
"node/7777412492",21.0513343,52.2380338,"Rondo Jerzego Waszyngtona"
"node/7782647890",21.0527663,52.2563343,"Kawęczyńska"
"node/7782647891",21.0557971,52.2572355,"Kawęczyńska"
"node/7782647892",21.0563064,52.2573708,"Wojnicka"
"node/7782647903",21.0430816,52.2493383,"Targowa"
"node/7782647905",21.0425911,52.2495402,"Targowa"
"node/7782647909",21.0425831,52.249478,"Targowa"
"node/7782647911",21.0374946,52.2521495,"Ząbkowska / Stefana Okrzei / Targowa"
"node/7782647912",21.0375327,52.2521679,"Ząbkowska / Stefana Okrzei / Targowa"
"node/7782647913",21.0362077,52.2533455,""
"node/7782647914",21.0361694,52.2533295,""
"node/7782647917",21.0347146,52.2547942,"Targowa / Aleja „Solidarności”"
"node/7782647919",21.0348137,52.2546907,"Targowa / Aleja „Solidarności”"
"node/7782647920",21.0348659,52.2546314,"Targowa / Aleja „Solidarności”"
"node/7782647923",21.0347667,52.2548058,"Targowa / Aleja „Solidarności”"
"node/7782647925",21.0348484,52.2547329,"Targowa / Aleja „Solidarności”"
"node/7782647926",21.034932,52.2546591,"Aleja „Solidarności” / Targowa"
"node/7782647927",21.0348241,52.2546139,"Targowa / Aleja „Solidarności”"
"node/7782647929",21.0347581,52.2546267,"Targowa / Aleja „Solidarności”"
"node/7782647931",21.0345941,52.2546642,"Targowa / Aleja „Solidarności”"
"node/7782647932",21.0346723,52.2547848,"Targowa / Aleja „Solidarności”"
"node/7782647933",21.0345577,52.2547592,"Targowa / Aleja „Solidarności”"
"node/7782647935",21.0345387,52.254716,"Targowa / Aleja „Solidarności”"
"node/7840863173",21.0228552,52.2055347,""
"node/7840863174",21.0233693,52.2028553,"Jarosława Dąbrowskiego"
"node/7840863175",21.0227963,52.2055225,""
"node/7992060744",20.9984599,52.2328276,"Rondo ONZ"
"node/7992060745",20.9985031,52.2328381,"Rondo ONZ"
"node/7992060749",20.9982176,52.2333942,"Rondo ONZ"
"node/8191760138",21.0233125,52.2028452,"Jarosława Dąbrowskiego"
"node/8284486725",21.0520569,52.2473455,"Lubelska"
"node/8284486726",21.0520467,52.2473176,"Lubelska"
"node/8308366229",21.0238027,52.2001127,""
"node/8308366230",21.0237443,52.2001174,""
"node/8308366232",21.0238604,52.1992639,""
"node/8308366235",21.0239176,52.1992714,""
"node/8308366236",21.0245827,52.1899155,"Puławska / Jana Pawła Woronicza"
"node/8308366237",21.0245244,52.1899316,"Puławska / Jana Pawła Woronicza"
"node/8309650121",20.9727856,52.234921,"Wolska / Młynarska"
"node/8309650122",20.9727938,52.2348935,"Wolska / Młynarska"
"node/8346926084",20.9865405,52.2193332,""
"node/8346926085",20.9865453,52.2193599,""
"node/8556814601",21.037759,52.2621335,"Kowieńska / 11 Listopada"
"node/8561944503",20.9420151,52.3352238,"Strumykowa / Światowida"
"node/8561944504",20.942074,52.3352211,"Strumykowa / Światowida"
"node/8563449828",20.9482628,52.3407021,"Światowida / Dionizosa"
"node/8568616418",21.0154974,52.2199221,"Nowowiejska / Ludwika Waryńskiego"
"node/8568616427",21.0047763,52.2230167,"Koszykowa"
"node/8568616428",21.0047285,52.2230194,"Koszykowa"
"node/8596306296",21.0159904,52.2199103,"Nowowiejska"
"node/8878137229",20.9425779,52.3370974,"Światowida"
"node/8878137230",20.9424672,52.3370151,"Światowida"
"node/8878137263",20.9500872,52.3412273,"Światowida"
"node/8998458128",21.0372632,52.268545,"Rondo Żaba / Stefana Starzyńskiego"
"node/8998458129",21.0372526,52.2685484,"Rondo Żaba / Stefana Starzyńskiego"
"node/8998458130",21.0372187,52.2685638,"Rondo Żaba / Stefana Starzyńskiego"
"node/8998458131",21.0372111,52.2685674,"Rondo Żaba / Stefana Starzyńskiego"
"node/9077234629",21.0246249,52.1863549,"Ludwika Idzikowskiego"
"node/9077234630",21.0246808,52.1863487,"Ludwika Idzikowskiego"
"node/9188223885",20.9131087,52.2392576,"Górczewska / Powstańców Śląskich"
"node/9188223886",20.9131398,52.2392587,"Górczewska / Powstańców Śląskich"
"node/9188223887",20.9130815,52.2392566,"Górczewska / Powstańców Śląskich"
"node/9213077495",20.960915,52.232489,"Wolska / Sokołowska"
"node/9213077514",20.96076,52.2324408,"Wolska / Sokołowska"
"node/9213077564",20.9607868,52.2324231,"Wolska / Sokołowska"
"node/9213101726",20.9803674,52.2370739,"Rondo Kercelak"
"node/9219398860",20.9682341,52.2337452,"Wolska / Skierniewicka"
"node/9221749578",20.9658873,52.2335248,"Płocka"
"node/9290675760",20.9855466,52.2691511,"Plac Thomasa Woodrowa Wilsona"
"node/9309445203",20.9681464,52.233877,"Wolska / Skierniewicka"
"node/9309445204",20.9682571,52.2338077,"Wolska / Skierniewicka"
"node/9309445205",20.968338,52.233822,"Wolska / Skierniewicka"
"node/9309445206",20.9681791,52.2338532,"Wolska / Skierniewicka"
"node/9309469559",20.9681342,52.233788,"Wolska / Skierniewicka"
"node/9309469562",20.968043,52.2337729,"Wolska / Skierniewicka"
"node/9309476352",20.9609327,52.2324674,"Wolska / Sokołowska"
"node/9309476353",20.9660379,52.2335482,"Płocka"
"node/9309476354",20.9660423,52.2335221,"Płocka"
"node/9309476356",20.9658933,52.2334994,"Płocka"
"node/9310471745",20.912935,52.2390215,"Górczewska / Powstańców Śląskich"
"node/9343095775",21.0209146,52.2635902,"Rondo Stefana Starzyńskiego / Most Gdański"
"node/9343095778",21.0208837,52.2634291,"Rondo Stefana Starzyńskiego / Most Gdański"
"node/9343095779",21.0208405,52.263424,"Rondo Stefana Starzyńskiego / Most Gdański"
"node/9343095780",21.0220659,52.263936,"Rondo Stefana Starzyńskiego"
"node/9343095781",21.0220962,52.2638992,"Rondo Stefana Starzyńskiego"
"node/9343095784",21.0208594,52.2634263,"Rondo Stefana Starzyńskiego / Most Gdański"
"node/9343095785",21.0208533,52.2634255,"Rondo Stefana Starzyńskiego / Most Gdański"
"node/9420726339",20.9934356,52.2418088,"Aleja „Solidarności” / Aleja Jana Pawła II"
"node/9480877973",21.0050412,52.2455049,"Aleja „Solidarności”"
"node/9504590605",20.9956021,52.2395021,"Elektoralna"
"node/9504590606",20.995641,52.239517,"Elektoralna"
"node/9579263819",20.9806388,52.2355305,"Chłodna / Wolska"
"node/9579263820",20.9806899,52.2355381,"Chłodna / Wolska"
"node/9579263831",20.9806629,52.2356226,"Chłodna / Wolska"
"node/9579263832",20.9806085,52.2356191,"Chłodna / Wolska"
"node/9581333271",21.0390135,52.2593182,"Konopacka"
"node/9688304802",20.9800095,52.2369586,"Rondo Kercelak / Okopowa / Aleja „Solidarności”"
"node/9691841931",20.9689955,52.2313017,"Skierniewicka / Siedmiogrodzka"
"node/9691841932",20.9690336,52.2313054,"Skierniewicka / Siedmiogrodzka"
"node/9706907756",20.9764736,52.2109842,"Grójecka / Stefana Banacha"
"node/9706907758",20.9765855,52.2111894,"Grójecka / Stefana Banacha"
"node/9707146018",20.9734558,52.2717678,"Juliusza Słowackiego / Plac Jacka Kuronia"
"node/9835141391",20.9853021,52.2194286,"Plac Gabriela Narutowicza"
"node/9856428618",21.0074321,52.18886,"Samochodowa"
"node/9869247324",21.0021416,52.1832829,"Domaniewska"
"node/9869247325",21.0021963,52.1832831,"Domaniewska"
"node/9901881479",21.0012363,52.1989092,"Jarosława Dąbrowskiego"
"node/9901881480",21.0011816,52.1989027,"Jarosława Dąbrowskiego"
"node/9901967036",21.0004137,52.2016057,"Antoniego Józefa Madalińskiego"
"node/9916738804",20.9848241,52.2194553,"Plac Gabriela Narutowicza"
"node/9916738805",20.9848559,52.2194536,"Plac Gabriela Narutowicza"
"node/9916738994",20.9841791,52.2197954,"Plac Gabriela Narutowicza"
"node/9916738995",20.9842386,52.2198028,"Plac Gabriela Narutowicza"
"node/9916738996",20.9842484,52.2198035,"Plac Gabriela Narutowicza"
"node/9917759443",21.002241,52.1888533,"Wołoska / Jana Pawła Woronicza"
"node/9917759444",21.0022454,52.1888018,"Wołoska / Jana Pawła Woronicza"
"node/9917759445",21.0022483,52.1887669,"Wołoska / Jana Pawła Woronicza"
"node/9917759446",21.0022496,52.1887524,"Wołoska / Jana Pawła Woronicza"
"node/9917759447",21.0022502,52.188746,"Wołoska / Jana Pawła Woronicza"
"node/9934046739",21.0838917,52.2446307,"Aleja Jerzego Waszyngtona / Rondo Wiatraczna"
"node/9934046740",21.0839508,52.2445882,"Aleja Jerzego Waszyngtona / Rondo Wiatraczna"
"node/9934046741",21.0838214,52.2446243,"Aleja Jerzego Waszyngtona / Rondo Wiatraczna"
"node/9934046742",21.0839292,52.2445897,"Aleja Jerzego Waszyngtona / Rondo Wiatraczna"
"node/9934337285",20.9735432,52.2718405,"Juliusza Słowackiego / Plac Jacka Kuronia"
"node/9934337292",20.9742225,52.2716249,"Plac Jacka Kuronia"
"node/9934337293",20.9741709,52.2716431,"Plac Jacka Kuronia"
"node/9934337298",20.9735434,52.2718094,"Juliusza Słowackiego / Plac Jacka Kuronia"
"node/9934337299",20.9735542,52.2718378,"Juliusza Słowackiego / Plac Jacka Kuronia"
"node/9943129198",20.9682431,52.2337168,"Wolska / Skierniewicka"
"node/9990305769",21.0307495,52.2068122,"Belwederska / Spacerowa / Jurija Gagarina"
"node/9990305779",21.0311706,52.206807,"Belwederska / Jurija Gagarina"
"node/9990305780",21.0311187,52.2067398,"Belwederska / Jurija Gagarina"
"node/9990305788",21.0310466,52.2068126,"Belwederska / Spacerowa / Jurija Gagarina"
"node/9992225766",21.0680896,52.1696878,"Aleja Wilanowska"
"node/9992225789",21.0679742,52.1698429,"Aleja Wilanowska"
"node/10029204873",21.0303491,52.2667222,"Namysłowska"
"node/10029204874",21.0379121,52.2686523,"Rondo Żaba"
"node/10056331030",21.0408447,52.2598729,"Środkowa / Stalowa"
"node/10062415744",21.0197564,52.1732732,"Aleja Lotników"
"node/10062415748",21.0197028,52.1732838,"Aleja Lotników"
"node/10138040468",21.0269594,52.2936739,"Bazyliańska"
"node/10138040469",21.0269063,52.2936608,"Bazyliańska"
"node/10138040470",21.0271172,52.2934503,"Bazyliańska"
"node/10138040471",21.0270586,52.293445,"Bazyliańska"
"node/10143194999",20.9796261,52.2625829,"Aleja Wojska Polskiego"
"node/10143195000",20.9796696,52.2625962,"Aleja Wojska Polskiego"
"node/10212615504",21.0377003,52.2671321,"Stefana Starzyńskiego / Szwedzka / 11 Listopada"
"node/10212615511",21.0377762,52.267137,"Stefana Starzyńskiego / Szwedzka / 11 Listopada"
"node/10212892441",21.0378747,52.267145,"Stefana Starzyńskiego / Szwedzka / 11 Listopada"
"node/10212892450",21.0382327,52.2634904,"Bródnowska"
"node/10212892460",21.0384713,52.2644143,"11 Listopada"
"node/10224552843",21.0170605,52.1890228,"Aleja Niepodległości"
"node/10224552844",21.0172211,52.1890353,"Aleja Niepodległości"
"node/10224700776",21.0218518,52.1896324,"Wielicka"
"node/10250880539",20.9696329,52.2288264,"Skierniewicka / Marcina Kasprzaka"
"node/10250880540",20.9695496,52.2288248,"Skierniewicka / Marcina Kasprzaka"
"node/10273825275",21.0222102,52.3001792,"Inowłodzka / Annopol"
"node/10282233556",21.0149055,52.3096742,"Daniszewska"
"node/10282233557",21.0148521,52.3096589,"Daniszewska"
"node/10291746339",20.969708,52.2288484,"Skierniewicka / Marcina Kasprzaka"
"node/10538722842",20.9676374,52.2435272,"Obozowa"
"node/10584561733",21.0647937,52.2407303,""
"node/10584561738",21.064364,52.2406427,""
"node/10586186918",21.0557939,52.1815843,"Świętego Bonifacego / Jana III Sobieskiego"
"node/10586186941",21.0478059,52.1776377,"Świętego Bonifacego"
"node/10606473448",21.0188056,52.2479287,""
"node/10649521821",20.9925956,52.231918,"Żelazna"
"node/10649521822",20.9925657,52.2319553,"Żelazna"
"node/10685339471",20.9427759,52.3375584,"Światowida"
"node/10685339472",20.9428405,52.3375445,"Światowida"
"node/10685339473",20.9427636,52.3375402,"Światowida"
"node/10685339474",20.9428289,52.3375254,"Światowida"
"node/10690303931",20.9935235,52.2614558,"Generała Józefa Zajączka"
"node/10690303936",20.9935994,52.26145,"Generała Józefa Zajączka"
"node/10794838395",21.0124498,52.2770486,"Zygmunta Krasińskiego"
"node/10794838396",21.0124103,52.2770297,"Zygmunta Krasińskiego"
"node/10794921115",21.0127334,52.2765023,"Zygmunta Krasińskiego"
"node/10794921116",21.0127808,52.2765075,"Zygmunta Krasińskiego"
"node/10829935592",21.0210483,52.2097848,"Puławska / Rakowiecka"
"node/10837414612",21.0287995,52.2521792,"Aleja „Solidarności”"
"node/10837414617",21.0287517,52.2521969,"Aleja „Solidarności”"
"node/10857018191",21.0326285,52.2853884,"Julianowska"
"node/10857018192",21.0325737,52.2853738,"Julianowska"
"node/10866926331",20.9928307,52.2427955,""
"node/10886513079",21.0472014,52.2477085,"Aleja Zieleniecka / Targowa"
"node/10943626151",20.9517153,52.2276017,"Juliana Konstantego Ordona"
"node/10943626152",20.9517186,52.2275664,"Juliana Konstantego Ordona"
"node/10943626153",20.9515338,52.2275904,"Juliana Konstantego Ordona"
"node/10943626154",20.9515389,52.2275551,"Juliana Konstantego Ordona"
"node/11029722117",20.9871445,52.2397549,"Żelazna"
"node/11029722118",20.9871249,52.239778,"Żelazna"
"node/11036943973",20.957474,52.2474567,"Aleja Prymasa Tysiąclecia / Obozowa"
"node/11036943975",20.9571662,52.2473888,"Aleja Prymasa Tysiąclecia / Obozowa"
"node/11036943976",20.9571485,52.2473604,"Aleja Prymasa Tysiąclecia / Obozowa"
"node/11052943758",20.9606311,52.3168631,"Myśliborska / Światowida"
"node/11052943759",20.960608,52.316896,"Myśliborska / Światowida"
"node/11069149806",20.9702268,52.241663,"Mikołaja Wierzynka"
"node/11069149811",20.9677314,52.2435151,"Obozowa"
"node/11069149813",20.9677107,52.2434922,"Obozowa"
"node/11069149816",20.9681556,52.2433231,"Jana Ostroroga"
"node/11143971009",21.0209259,52.2108121,"Puławska / Goworka"
"node/11143971012",21.0209152,52.2108434,"Puławska / Goworka"
"node/11146354944",21.0209448,52.2107604,"Puławska / Goworka"
"node/11146354945",21.0209741,52.2106835,"Puławska / Goworka"
"node/11146354946",21.0206792,52.210782,"Puławska / Goworka"
"node/11146354947",21.0209083,52.2107232,"Puławska / Goworka"
"node/11146354948",21.0210008,52.21072,"Puławska / Goworka"
"node/11146354949",21.0208241,52.2108682,"Puławska / Goworka"
"node/11166349110",20.9568759,52.2279592,"Rondo Tybetu"
"node/11166349111",20.957423,52.2279938,"Rondo Tybetu"
"node/11166349112",20.9574311,52.2279663,"Rondo Tybetu"
"node/11166349113",20.9568824,52.2279313,"Rondo Tybetu"
"node/11383155413",20.9505412,52.229316,"Juliana Konstantego Ordona"
"node/11383155414",20.9506658,52.2293659,"Juliana Konstantego Ordona"
"node/11383155415",20.9505697,52.2292828,"Juliana Konstantego Ordona"
"node/11383155416",20.9506934,52.2293328,"Juliana Konstantego Ordona"
"node/11405521712",21.0374508,52.2521876,"Ząbkowska / Stefana Okrzei / Targowa"
"node/11405521713",21.0375162,52.2521815,"Ząbkowska / Stefana Okrzei / Targowa"
"node/11405521720",21.0374417,52.2522433,"Ząbkowska / Stefana Okrzei / Targowa"
"node/11405521721",21.0374131,52.2522204,"Ząbkowska / Stefana Okrzei / Targowa"
"node/11407212459",21.0207688,52.2108256,"Puławska / Goworka"
"node/11459314122",21.045386,52.2067784,"Czerska"
"node/11459314123",21.0453926,52.206744,"Czerska"
"node/11461005006",21.0389833,52.2066507,"Sielecka"
"node/11461005007",21.0389826,52.2066778,"Sielecka"
"node/11461005008",21.0391213,52.2066446,"Sielecka"
"node/11461005009",21.0391174,52.2066724,"Sielecka"
"node/11461005010",21.045255,52.2067348,"Czerska"
"node/11461005011",21.0452501,52.2067691,"Czerska"
"node/11526500371",21.0206957,52.21074,"Puławska / Goworka"
"node/11684194657",20.9696856,52.2289254,"Skierniewicka / Marcina Kasprzaka"
"node/11709580936",20.9985397,52.2507608,""
"node/11709580937",20.998484,52.250756,""
"node/11819907429",21.0133971,52.22708,"Wspólna"
"node/11819907430",21.013936,52.2261814,"Hoża"
"node/11819907433",21.0148235,52.224695,"Wilcza"
"node/11819924443",20.9727513,52.235043,"Wolska / Młynarska"
"node/11819924444",20.9727544,52.2350601,"Wolska / Młynarska"
"node/11819924452",20.9726618,52.2353552,"Młynarska"
"node/11819924457",20.9727497,52.2351767,"Młynarska / Wolska"
"node/11819925773",20.972884,52.2350972,"Wolska / Młynarska"
"node/11819925791",20.972957,52.2351181,"Wolska / Młynarska"
"node/11819925814",20.9726059,52.2347552,"Wolska / Młynarska"
"node/11819925830",20.9726738,52.2350349,"Wolska / Młynarska"
"node/11819925843",20.9729136,52.2348294,"Wolska / Młynarska"
"node/11819958422",21.0036177,52.2589677,""
"node/11819958423",21.0035923,52.2589996,""
"node/11822410392",21.0050509,52.2170946,""
"node/11822410393",21.0050714,52.2172554,""
"node/11822410394",21.0050664,52.2172825,""
"node/11822979706",20.9172391,52.2504323,"Podpułkownika Wacława Szadkowskiego"
"node/11822979707",20.9172695,52.2504618,"Podpułkownika Wacława Szadkowskiego"
"node/11823039569",21.014092,52.2467362,"Nowy Zjazd / Grodzka"
"node/11823039570",21.0141115,52.2467058,"Nowy Zjazd / Grodzka"
"node/11829103911",20.9129224,52.2391114,"Górczewska / Powstańców Śląskich"
"node/11829103930",20.9129168,52.2391512,"Górczewska / Powstańców Śląskich"
"node/11829103931",20.9130419,52.2392551,"Górczewska / Powstańców Śląskich"
"node/11829103937",20.9131156,52.2389889,"Górczewska / Powstańców Śląskich"
"node/11829103944",20.9129274,52.239076,"Górczewska / Powstańców Śląskich"
"node/11829151430",20.9697617,52.2424605,"Młynarska"
"node/11832832711",21.0019091,52.1785942,"Wołoska"
"node/11832835585",21.0018977,52.1785557,"Wołoska"
"node/11835783097",21.0244538,52.1899503,"Puławska / Jana Pawła Woronicza"
"node/11835783098",21.0244432,52.1899381,"Puławska / Jana Pawła Woronicza"
"node/11835783099",21.0245007,52.1899345,"Puławska / Jana Pawła Woronicza"
"node/11835783111",21.024379,52.189729,"Puławska / Jana Pawła Woronicza"
"node/11835783154",21.0243733,52.1898418,"Puławska / Jana Pawła Woronicza"
"node/11835783166",21.0243767,52.1897744,"Puławska / Jana Pawła Woronicza"
"node/11835808075",21.0243713,52.1898807,"Puławska / Jana Pawła Woronicza"
"node/11837501366",20.9301085,52.2908576,"Aleja Generał Marii Wittek / Rondo Grafen"
"node/11837504091",20.9298137,52.2905305,"Rondo Grafen"
"node/11837504092",20.9299373,52.2910981,"Aleja Generał Marii Wittek / Rondo Grafen"
"node/11837504113",20.9301675,52.2908311,"Rondo Grafen"
"node/11837504117",20.9298616,52.2905102,"Rondo Grafen"
"node/11837504118",20.9299551,52.2911229,"Aleja Generał Marii Wittek / Rondo Grafen"
"node/11901108965",21.0307308,52.2068458,"Belwederska / Spacerowa / Jurija Gagarina"
"node/11901108966",21.0309795,52.2068729,"Belwederska / Spacerowa / Jurija Gagarina"
"node/11901111970",21.0307116,52.2068804,"Belwederska / Spacerowa / Jurija Gagarina"
"node/11901111971",21.0309436,52.2069054,"Belwederska / Spacerowa / Jurija Gagarina"
"node/11901199908",21.0309128,52.2067622,"Belwederska / Spacerowa / Jurija Gagarina"
"node/12077256316",20.9135219,52.2521003,"Powstańców Śląskich / Radiowa"
"node/12077256319",20.913618,52.252104,"Powstańców Śląskich / Radiowa"
"node/12077256339",20.9134706,52.2521248,"Powstańców Śląskich / Radiowa"
"node/12077256346",20.9136538,52.2521311,"Powstańców Śląskich / Radiowa"
"node/12077256366",20.9137546,52.2522074,"Powstańców Śląskich / Radiowa"
"node/12077256367",20.9137511,52.2522198,"Powstańców Śląskich / Radiowa"
"node/12077306501",20.9137008,52.2522379,"Powstańców Śląskich / Radiowa"
"node/12077306508",20.9137155,52.2521778,"Powstańców Śląskich / Radiowa"
"node/12095489479",20.9978317,52.2329859,"Rondo ONZ"
"node/12095496791",21.007982,52.2076209,"Aleja Niepodległości"
"node/12095519916",20.9978125,52.2330207,"Rondo ONZ"
"node/12095519948",20.9985148,52.2328424,"Rondo ONZ"
"node/12095519961",20.9985524,52.2328571,"Rondo ONZ"
"node/12095519969",20.9978109,52.2330246,"Rondo ONZ"
"node/12095520022",20.9981228,52.2333835,"Rondo ONZ"
"node/12095520052",20.9977956,52.2330625,"Rondo ONZ"
"node/12095520075",20.9981726,52.2333905,"Rondo ONZ"
"node/12095534312",21.0079557,52.207662,"Aleja Niepodległości"
"node/12108768587",20.938192,52.275388,"Aleja Władysława Reymonta"
"node/12108768592",20.938221,52.2754218,"Aleja Władysława Reymonta"
"node/12108768593",20.9382052,52.2754027,"Aleja Władysława Reymonta"
"node/12108768595",20.9384306,52.2751896,"Aleja Władysława Reymonta"
"node/12108768596",20.9384494,52.2751948,"Aleja Władysława Reymonta"
"node/12108768598",20.9385114,52.2752051,"Aleja Władysława Reymonta"
"node/12108805618",20.9381608,52.2753588,"Aleja Władysława Reymonta"
"node/12108805655",20.9383184,52.2751588,"Aleja Władysława Reymonta"
"node/12108805680",20.9383583,52.2751968,"Aleja Władysława Reymonta"
"node/12108805693",20.9383389,52.2751584,"Aleja Władysława Reymonta"
"node/12108805696",20.9383925,52.2752375,"Aleja Władysława Reymonta"
"node/12108805698",20.9384186,52.2752744,"Aleja Władysława Reymonta"
"node/12118436093",20.9767764,52.2111324,"Grójecka / Stefana Banacha"
"node/12118436203",20.9764191,52.2110003,"Grójecka / Stefana Banacha"
"node/12128459473",21.032949,52.2567845,"Targowa"
"node/12142714177",20.9950096,52.2536921,""
"node/12142950172",21.0426218,52.2496037,"Targowa"
"node/12142950173",21.0425997,52.2495593,"Targowa"
"node/12142955204",21.0428578,52.24958,"Targowa"
"node/12142955206",21.0431304,52.2493655,"Targowa"
"node/12142955218",21.0429052,52.2495624,"Targowa"
"node/12142955242",21.0430213,52.2493186,"Targowa"
"node/12142955266",21.0430291,52.2495165,"Targowa"
"node/12142955295",21.0427585,52.2496168,"Targowa"
"node/12142955317",21.0430181,52.2493179,"Targowa"
"node/12143963053",20.9428033,52.3235501,"Światowida"
"node/12248134588",20.9994403,52.2059653,"Rakowiecka / Świętego Andrzeja Boboli"
"node/12287962714",21.0450566,52.1919681,"Ludwika Idzikowskiego"
"node/12287962715",21.0450012,52.1919576,"Ludwika Idzikowskiego"
"node/12287962716",21.045103,52.1918698,"Ludwika Idzikowskiego"
"node/12287962717",21.0451599,52.1918803,"Ludwika Idzikowskiego"
"node/12287962725",21.0411777,52.1956558,"Ludwiga van Beethovena"
"node/12287962750",21.0353728,52.2017765,"Chełmska / Dolna"
"node/12287962751",21.0353201,52.2017693,"Chełmska / Dolna"
"node/12287962752",21.0352322,52.2018638,"Chełmska / Dolna"
"node/12287962753",21.0352846,52.2018706,"Chełmska / Dolna"
"node/12288151024",21.0310271,52.206782,"Belwederska / Spacerowa / Jurija Gagarina"
"node/12293519260",21.0680245,52.1697025,"Aleja Wilanowska"
"node/12293519261",21.0680374,52.1698337,"Aleja Wilanowska"
"node/12296862870",21.0499445,52.1779512,"Świętego Bonifacego"
"node/12296862872",21.0531684,52.1800525,""
"node/12296862873",21.0532091,52.1800269,""
"node/12296862877",21.0529915,52.1799402,""
"node/12296862878",21.0530326,52.1799154,""
"node/12593199168",21.0349943,52.2581972,"11 Listopada / Inżynierska"
"node/12696844064",21.0061943,52.245947,"Aleja „Solidarności”"
"node/12696844069",21.0061647,52.2459826,"Aleja „Solidarności”"
"node/12769236081",20.9766768,52.2111621,"Grójecka / Stefana Banacha"
"node/12769236082",20.9766638,52.211166,"Grójecka / Stefana Banacha"
"node/12833527433",20.9726821,52.2351572,"Młynarska / Wolska"
"node/12833527435",20.9727329,52.2351713,"Młynarska / Wolska"
"node/12833527437",20.9727922,52.2351878,"Młynarska / Wolska"
"node/12833527448",20.9729044,52.2347024,"Wolska / Młynarska"
"node/12833527449",20.9728589,52.2346888,"Wolska / Młynarska"
"node/12833527451",20.9728992,52.2347312,"Wolska / Młynarska"
"node/12833527452",20.9728517,52.2347196,"Wolska / Młynarska"
"node/12833527454",20.972726,52.2346889,"Wolska / Młynarska"
"node/12833534607",20.9726704,52.23519,"Młynarska / Wolska"
"node/12833534608",20.9727166,52.2352027,"Młynarska / Wolska"
"node/12833534609",20.9727217,52.2352041,"Młynarska / Wolska"
"node/12833534610",20.972757,52.2352138,"Młynarska / Wolska"
"node/12840582778",20.9389686,52.246771,"Dywizjonu 303 / Księcia Janusza / Obozowa"
"node/12851293689",20.9201735,52.2825768,"Tomasza Nocznickiego"
"node/12851293690",20.9202648,52.282599,"Tomasza Nocznickiego"
"node/12851293694",20.9220556,52.2841181,"Tomasza Nocznickiego"
"node/12851293695",20.9220926,52.2841013,"Tomasza Nocznickiego"
"node/12851293701",20.9220529,52.2840689,"Tomasza Nocznickiego"
"node/12851293702",20.9220165,52.2840862,"Tomasza Nocznickiego"
"node/12851293823",20.9240789,52.2857185,""
"node/12851293824",20.9240417,52.2857368,""
"node/12851293830",20.9240044,52.2857063,""
"node/12851293831",20.924043,52.2856894,""
"node/12864724518",20.9984252,52.2434514,""
"node/12864724519",20.9984048,52.2434802,""
"node/12892115247",21.0556864,52.181583,"Świętego Bonifacego / Jana III Sobieskiego"
"node/12892115249",21.0556877,52.1816724,"Świętego Bonifacego / Jana III Sobieskiego"
"node/12892115251",21.0556343,52.1817139,"Świętego Bonifacego / Jana III Sobieskiego"
"node/12900396306",20.9765625,52.210958,"Grójecka / Stefana Banacha"
"node/12902478477",20.9783478,52.2105211,"Stefana Banacha"
"node/12902478478",20.978476,52.2105221,"Stefana Banacha"
"node/12926584177",21.0222408,52.3002282,"Inowłodzka / Annopol"
"node/12926584187",21.0221759,52.3003293,"Inowłodzka / Annopol"
"node/12926605124",21.0222059,52.3002863,"Inowłodzka / Annopol"
"node/12926635160",21.0204989,52.2118022,"Ludwika Waryńskiego"
"node/12926635177",21.0209146,52.2099612,"Puławska / Rakowiecka"
"node/12926635179",21.0209585,52.2098644,"Puławska / Rakowiecka"
"node/12926635181",21.0207232,52.2107803,"Puławska / Goworka"
"node/12926635182",21.0209524,52.209878,"Puławska / Rakowiecka"
"node/12926635183",21.0209392,52.2099057,"Puławska / Rakowiecka"
"node/12947538014",20.976806,52.211087,"Grójecka / Stefana Banacha"
"node/12947538016",20.9767449,52.2110182,"Grójecka / Stefana Banacha"
"node/12947538017",20.9767408,52.2110136,"Grójecka / Stefana Banacha"
"node/12949555262",21.0503395,52.1782017,"Świętego Bonifacego"
"node/12952575625",21.0100162,52.2327433,""
"node/13041835369",21.0681077,52.1696365,"Aleja Wilanowska"
"node/13081629119",20.9538147,52.3179906,"Światowida / Christa Botewa"
"node/13081629120",20.953779,52.317964,"Światowida / Christa Botewa"
"node/13094988934",20.9872399,52.2563767,"Pamiętajcie o Ogrodach"
"node/13094988935",20.9871813,52.2563996,"Pamiętajcie o Ogrodach"
"node/13112269835",21.0073782,52.2096616,"Aleja Niepodległości"
"node/13112269836",21.0073278,52.2096343,"Aleja Niepodległości"
"node/13165073458",21.0209859,52.2098086,"Puławska / Rakowiecka"
"node/13165073737",21.0080071,52.2075833,"Aleja Niepodległości"
"node/13165073803",21.0080265,52.2075565,"Aleja Niepodległości"
"node/13168583265",21.0212026,52.2098099,"Puławska / Rakowiecka"
"node/13168583266",21.021186,52.2098071,"Puławska / Rakowiecka"
"node/13168583267",21.0211284,52.2097975,"Puławska / Rakowiecka"
"node/13168583268",21.0211382,52.2097992,"Puławska / Rakowiecka"
"node/13196494537",20.993782,52.2419295,"Aleja „Solidarności” / Aleja Jana Pawła II"
"node/13196494546",20.9937732,52.2419396,"Aleja „Solidarności” / Aleja Jana Pawła II"
"node/13201630590",21.0084932,52.2352118,"Świętokrzyska"
"node/13201630591",21.0085369,52.2352198,"Świętokrzyska"
"node/13227654144",21.0379489,52.2686716,"Rondo Żaba"
"node/13233312861",20.9673707,52.2285925,"Płocka"
"node/13233312862",20.9673795,52.2285566,"Płocka"
"node/13240626358",20.9480901,52.3407821,"Światowida / Dionizosa"
"node/13240626359",20.9481152,52.3407489,"Światowida / Dionizosa"
"node/13240626360",20.9481366,52.3407192,"Światowida / Dionizosa"
"node/13258144378",20.9575089,52.2682146,"Władysława Broniewskiego"
"node/13258144379",20.9573983,52.2682825,"Władysława Broniewskiego"
"node/13259907637",20.9442524,52.3390693,"Leśnej Polanki"
"node/13259907638",20.9443139,52.3390485,"Leśnej Polanki"
"node/13267724870",21.0465903,52.1905411,"Aleja Wincentego Witosa"
"node/13267724871",21.0465712,52.1904934,"Aleja Wincentego Witosa"
"node/13269370988",21.0557506,52.1816209,"Świętego Bonifacego / Jana III Sobieskiego"
"node/13269370989",21.0558784,52.1817185,"Świętego Bonifacego / Jana III Sobieskiego"
"node/13269370990",21.0558379,52.18169,"Świętego Bonifacego / Jana III Sobieskiego"
"node/13269370991",21.0557403,52.181621,"Świętego Bonifacego / Jana III Sobieskiego"
"node/13269371020",21.055769,52.1818209,"Świętego Bonifacego / Jana III Sobieskiego"
"node/13269371021",21.055731,52.1818015,"Świętego Bonifacego / Jana III Sobieskiego"
"node/13269371022",21.0557235,52.1817977,"Świętego Bonifacego / Jana III Sobieskiego"
"node/13269371023",21.0556491,52.1817598,"Świętego Bonifacego / Jana III Sobieskiego"
"node/13269372166",21.0493562,52.1878396,"Bolesława Limanowskiego"
"node/13269372167",21.0492931,52.1878997,"Bolesława Limanowskiego"
"node/13269372168",21.0493435,52.1879179,"Bolesława Limanowskiego"
"node/13269372169",21.0494055,52.1878589,"Bolesława Limanowskiego"
"node/13273935874",21.0626484,52.1753102,"Nałęczowska"
"node/13273935875",21.0625982,52.1752919,"Nałęczowska"
"node/13273936076",21.0625152,52.1753705,"Nałęczowska"
"node/13273936077",21.0625641,52.1753901,"Nałęczowska"
"node/13275727546",21.0680614,52.1695978,"Aleja Wilanowska"
"node/13280496630",21.0698304,52.1647332,"Oś Królewska"
"node/13280496635",21.0698767,52.1647337,"Oś Królewska"
"node/13280496776",21.0698021,52.1648073,"Oś Królewska"
"node/13280496777",21.0698482,52.1648088,"Oś Królewska"
"node/13286020904",21.072294,52.1602846,"Franciszka Klimczaka"
"node/13286020905",21.0722534,52.1602716,"Franciszka Klimczaka"
"node/13286021203",21.0723853,52.1602096,"Franciszka Klimczaka"
"node/13286021204",21.0723467,52.1601948,"Franciszka Klimczaka"
"node/13286021593",21.0744962,52.1585065,"Sejmu Czteroletniego"
"node/13286021594",21.07451,52.1584954,"Sejmu Czteroletniego"
"node/13286021599",21.0744648,52.158486,"Sejmu Czteroletniego"
"node/13286251823",20.9409566,52.3275214,"Światowida / Generała Milana Štefánika"
"node/13286251824",20.9410121,52.3275169,"Światowida / Generała Milana Štefánika"
"node/13286251825",20.9409459,52.327453,"Światowida / Generała Milana Štefánika"
"node/13286251826",20.941002,52.3274489,"Światowida / Generała Milana Štefánika"
"node/13291051820",20.9361264,52.2467967,"Dywizjonu 303"
"node/13291051821",20.9359636,52.2467717,"Dywizjonu 303"